Date,Timestamp,Phase,Heart_Rate_bpm,Breathing_Rate_bpm,Body_Temperature_C,Pressure_Index,Movement_Count,Sleep_Duration_hr,Deep_Sleep_pct,REM_Sleep_pct,Light_Sleep_pct,Sleep_Disturbances,Sleep_Quality_Score
2026-07-01,2026-07-01 22:30:00,Before,68.7,15.3,36.76,61.7,1,6.91,19.7,18.6,61.7,6,49.3
2026-07-01,2026-07-01 22:50:00,Before,65.4,15.9,36.12,32.5,2,5.95,14.5,13.6,71.9,4,54.9
2026-07-01,2026-07-01 23:10:00,Before,76.0,16.1,36.63,43.4,1,5.93,20.3,20.9,58.8,4,43.5
2026-07-01,2026-07-01 23:30:00,Before,66.4,14.7,36.6,45.9,4,6.38,19.6,20.5,59.9,5,49.3
2026-07-01,2026-07-01 23:50:00,Before,61.8,14.4,36.48,57.5,2,6.46,20.1,22.7,57.2,6,48.9
2026-07-01,2026-07-02 00:10:00,Before,64.8,13.2,36.87,46.4,5,6.02,20.4,22.4,57.2,7,48.9
2026-07-01,2026-07-02 00:30:00,Before,78.8,14.1,36.5,47.5,1,5.56,20.6,22.7,56.6,5,43.6
2026-07-01,2026-07-02 00:50:00,Before,61.8,14.3,36.79,46.1,6,6.01,17.3,22.9,59.8,4,48.7
2026-07-01,2026-07-02 01:10:00,Before,65.6,13.3,36.67,50.3,0,5.01,18.2,18.8,63.0,5,47.7
2026-07-01,2026-07-02 01:30:00,Before,66.4,15.8,36.09,39.5,4,6.83,17.2,27.4,55.4,5,55.8
2026-07-01,2026-07-02 01:50:00,Before,66.9,13.7,36.89,54.8,3,6.46,24.7,17.0,58.3,4,54.0
2026-07-01,2026-07-02 02:10:00,Before,65.2,13.2,36.62,38.4,3,6.41,14.3,19.0,66.7,6,41.4
2026-07-01,2026-07-02 02:30:00,Before,67.8,17.5,36.2,49.7,4,6.78,14.0,21.9,64.2,7,52.0
2026-07-01,2026-07-02 02:50:00,Before,70.0,15.8,36.3,57.4,2,6.8,21.1,17.5,61.4,6,54.9
2026-07-01,2026-07-02 03:10:00,Before,69.9,18.3,36.54,41.2,3,6.32,19.9,20.0,60.1,7,46.3
2026-07-01,2026-07-02 03:30:00,Before,76.5,16.4,36.39,38.4,4,6.42,16.6,22.2,61.2,4,58.5
2026-07-01,2026-07-02 03:50:00,Before,70.7,15.0,36.37,43.4,4,6.23,13.0,21.1,65.9,6,56.7
2026-07-01,2026-07-02 04:10:00,Before,70.7,13.4,36.37,52.6,9,6.43,14.3,19.3,66.4,4,53.7
2026-07-01,2026-07-02 04:30:00,Before,75.1,12.7,36.77,33.5,0,5.8,15.8,24.7,59.5,5,52.3
2026-07-01,2026-07-02 04:50:00,Before,62.6,19.1,37.06,60.3,4,6.57,14.2,19.7,66.1,6,56.9
2026-07-01,2026-07-02 05:10:00,Before,62.8,15.0,36.48,42.1,6,5.6,23.5,17.8,58.7,3,48.9
2026-07-01,2026-07-02 05:30:00,Before,73.6,15.5,36.37,36.3,4,6.15,22.0,15.7,62.3,7,47.3
2026-07-01,2026-07-02 05:50:00,Before,63.6,16.2,36.65,42.6,0,6.49,17.4,14.3,68.3,7,44.7
2026-07-01,2026-07-02 06:10:00,Before,74.4,16.5,36.62,52.0,2,6.15,18.0,18.1,63.9,5,46.8
2026-07-01,2026-07-02 06:30:00,Before,64.9,16.8,36.69,41.8,5,6.54,19.1,19.9,60.9,5,61.1
2026-07-02,2026-07-02 22:30:00,Before,64.9,16.3,36.55,46.0,4,6.69,15.2,22.8,62.0,5,59.0
2026-07-02,2026-07-02 22:50:00,Before,66.1,14.6,37.08,57.6,3,6.55,19.3,17.9,62.8,5,37.6
2026-07-02,2026-07-02 23:10:00,Before,73.2,15.0,36.8,53.5,1,6.81,15.5,20.6,63.9,6,58.2
2026-07-02,2026-07-02 23:30:00,Before,71.0,14.8,36.43,60.2,2,6.59,16.4,19.9,63.6,4,53.8
2026-07-02,2026-07-02 23:50:00,Before,66.0,16.0,36.39,52.7,4,6.89,17.2,23.0,59.8,6,52.8
2026-07-02,2026-07-03 00:10:00,Before,75.0,16.1,36.49,64.7,3,6.15,20.4,15.6,63.9,6,47.6
2026-07-02,2026-07-03 00:30:00,Before,62.3,17.0,36.15,30.8,7,6.36,19.5,19.6,60.9,5,49.3
2026-07-02,2026-07-03 00:50:00,Before,68.0,13.9,36.69,47.2,4,6.2,17.2,18.6,64.2,6,41.5
2026-07-02,2026-07-03 01:10:00,Before,66.5,15.7,36.73,54.4,2,5.69,17.8,26.1,56.0,5,58.8
2026-07-02,2026-07-03 01:30:00,Before,67.6,17.2,36.86,49.5,2,6.49,21.8,17.1,61.1,6,57.9
2026-07-02,2026-07-03 01:50:00,Before,60.8,13.7,36.09,45.6,6,6.52,16.9,22.4,60.7,5,40.5
2026-07-02,2026-07-03 02:10:00,Before,67.0,16.1,36.88,35.0,1,5.7,18.7,22.2,59.1,5,62.4
2026-07-02,2026-07-03 02:30:00,Before,65.9,14.8,36.48,40.7,1,5.95,12.0,19.4,68.6,5,33.3
2026-07-02,2026-07-03 02:50:00,Before,66.6,15.6,36.73,58.8,3,6.58,14.8,17.8,67.4,6,47.1
2026-07-02,2026-07-03 03:10:00,Before,62.7,19.1,36.52,42.4,1,5.21,20.0,17.0,63.0,5,52.3
2026-07-02,2026-07-03 03:30:00,Before,63.6,15.6,36.98,25.9,2,5.91,13.2,25.1,61.7,6,47.5
2026-07-02,2026-07-03 03:50:00,Before,72.2,15.6,36.38,61.7,2,6.44,21.9,16.1,62.0,3,61.3
2026-07-02,2026-07-03 04:10:00,Before,67.1,15.7,36.51,45.9,1,6.03,15.6,17.5,66.9,4,33.6
2026-07-02,2026-07-03 04:30:00,Before,69.4,16.1,36.58,50.1,2,6.32,17.3,22.3,60.4,3,57.9
2026-07-02,2026-07-03 04:50:00,Before,64.7,16.4,36.41,31.8,2,5.51,19.8,16.6,63.6,5,66.6
2026-07-02,2026-07-03 05:10:00,Before,61.4,15.3,36.5,42.6,5,6.54,17.6,20.3,62.1,6,61.8
2026-07-02,2026-07-03 05:30:00,Before,66.6,15.7,36.45,53.3,1,6.44,20.6,13.4,66.0,5,49.8
2026-07-02,2026-07-03 05:50:00,Before,70.3,15.1,36.93,41.9,3,5.2,16.2,22.5,61.4,6,44.7
2026-07-02,2026-07-03 06:10:00,Before,63.9,15.9,36.64,53.1,2,6.48,24.9,20.5,54.5,5,48.7
2026-07-02,2026-07-03 06:30:00,Before,64.0,16.7,36.39,48.6,4,5.99,21.5,18.7,59.8,4,47.1
2026-07-03,2026-07-03 22:30:00,Before,70.4,17.0,36.95,57.1,3,6.28,19.9,17.3,62.7,2,56.6
2026-07-03,2026-07-03 22:50:00,Before,76.3,15.2,36.61,64.0,4,6.47,22.6,18.5,59.0,4,52.4
2026-07-03,2026-07-03 23:10:00,Before,67.2,17.1,36.18,61.8,1,5.74,11.2,22.5,66.3,5,39.2
2026-07-03,2026-07-03 23:30:00,Before,62.5,15.0,37.02,45.7,1,5.52,8.0,19.8,72.2,5,52.0
2026-07-03,2026-07-03 23:50:00,Before,73.5,17.2,36.53,38.0,3,6.21,16.9,20.6,62.5,5,46.5
2026-07-03,2026-07-04 00:10:00,Before,65.1,15.5,36.46,41.6,4,6.25,12.9,20.6,66.5,5,49.0
2026-07-03,2026-07-04 00:30:00,Before,66.5,16.3,36.81,36.1,1,6.42,14.3,19.7,66.0,5,46.7
2026-07-03,2026-07-04 00:50:00,Before,64.5,15.6,36.57,52.5,1,5.73,19.8,17.2,63.0,5,49.9
2026-07-03,2026-07-04 01:10:00,Before,72.8,14.0,36.44,39.6,1,5.45,23.2,16.3,60.5,4,57.5
2026-07-03,2026-07-04 01:30:00,Before,60.9,16.6,36.25,59.2,4,5.22,16.9,23.3,59.8,5,46.7
2026-07-03,2026-07-04 01:50:00,Before,65.7,15.4,36.68,32.6,2,5.62,17.4,15.1,67.5,6,60.1
2026-07-03,2026-07-04 02:10:00,Before,69.5,14.8,36.73,62.6,4,6.91,14.8,20.1,65.1,6,47.5
2026-07-03,2026-07-04 02:30:00,Before,67.7,14.4,36.45,35.3,3,5.77,26.2,21.5,52.3,5,42.4
2026-07-03,2026-07-04 02:50:00,Before,69.5,14.6,36.63,71.0,2,6.16,17.6,19.0,63.4,8,45.5
2026-07-03,2026-07-04 03:10:00,Before,61.5,14.9,36.72,52.8,3,5.61,16.2,23.2,60.6,5,53.2
2026-07-03,2026-07-04 03:30:00,Before,69.2,17.4,36.87,43.9,4,6.48,18.5,20.6,60.9,5,43.0
2026-07-03,2026-07-04 03:50:00,Before,63.2,17.1,36.59,54.1,4,5.57,18.8,16.9,64.4,7,42.5
2026-07-03,2026-07-04 04:10:00,Before,67.5,16.1,36.12,42.1,4,6.67,17.3,23.2,59.5,4,64.2
2026-07-03,2026-07-04 04:30:00,Before,75.0,15.0,36.49,61.1,3,5.59,13.8,17.0,69.2,4,48.7
2026-07-03,2026-07-04 04:50:00,Before,67.8,17.8,36.35,56.9,5,6.1,17.6,21.5,60.9,5,67.2
2026-07-03,2026-07-04 05:10:00,Before,64.8,14.7,36.44,43.0,2,6.03,12.9,22.4,64.7,6,50.6
2026-07-03,2026-07-04 05:30:00,Before,65.7,14.4,36.42,69.2,3,6.62,18.9,23.3,57.8,4,54.8
2026-07-03,2026-07-04 05:50:00,Before,60.9,13.6,36.82,39.4,1,6.51,13.3,10.0,76.7,4,62.0
2026-07-03,2026-07-04 06:10:00,Before,68.2,17.5,36.32,33.2,11,6.41,15.7,17.5,66.8,4,56.5
2026-07-03,2026-07-04 06:30:00,Before,68.5,16.1,36.54,48.0,4,6.49,24.6,19.1,56.4,5,53.7
2026-07-04,2026-07-04 22:30:00,Before,72.5,15.4,36.67,53.5,3,6.28,20.8,16.9,62.3,5,46.0
2026-07-04,2026-07-04 22:50:00,Before,71.2,13.2,36.46,51.4,1,6.9,16.8,18.3,64.9,7,40.9
2026-07-04,2026-07-04 23:10:00,Before,59.3,16.2,36.47,38.8,2,6.52,16.2,16.6,67.2,5,56.5
2026-07-04,2026-07-04 23:30:00,Before,62.7,18.0,36.82,46.1,2,5.64,22.1,19.8,58.2,6,48.6
2026-07-04,2026-07-04 23:50:00,Before,68.6,16.4,36.71,53.8,1,6.8,17.7,22.1,60.2,5,63.6
2026-07-04,2026-07-05 00:10:00,Before,64.6,18.2,36.59,35.1,1,6.58,14.7,18.7,66.6,3,52.2
2026-07-04,2026-07-05 00:30:00,Before,58.5,13.1,36.79,55.1,1,6.39,13.6,19.9,66.5,5,43.3
2026-07-04,2026-07-05 00:50:00,Before,72.3,16.8,36.54,48.2,2,6.08,16.7,19.5,63.8,4,52.8
2026-07-04,2026-07-05 01:10:00,Before,63.3,17.0,36.76,43.6,3,6.0,23.3,21.1,55.6,6,52.8
2026-07-04,2026-07-05 01:30:00,Before,65.0,17.1,36.63,56.6,5,5.74,15.1,21.9,63.0,6,67.4
2026-07-04,2026-07-05 01:50:00,Before,66.7,14.1,36.79,37.8,2,6.45,16.1,15.0,68.9,6,54.8
2026-07-04,2026-07-05 02:10:00,Before,65.3,17.9,36.29,34.8,1,6.3,20.7,25.1,54.3,4,60.1
2026-07-04,2026-07-05 02:30:00,Before,66.9,15.2,36.82,53.9,5,5.49,18.7,20.8,60.5,4,43.8
2026-07-04,2026-07-05 02:50:00,Before,66.9,17.3,36.74,44.7,4,6.37,16.7,22.4,60.9,3,62.1
2026-07-04,2026-07-05 03:10:00,Before,64.5,13.2,36.53,29.1,4,6.31,15.8,19.0,65.3,5,65.6
2026-07-04,2026-07-05 03:30:00,Before,68.3,16.1,36.86,50.1,1,6.17,16.9,22.2,60.9,5,55.5
2026-07-04,2026-07-05 03:50:00,Before,66.7,15.6,36.1,56.2,4,6.36,13.7,21.9,64.4,5,46.7
2026-07-04,2026-07-05 04:10:00,Before,70.8,15.3,36.74,39.7,7,6.29,18.6,16.8,64.7,6,41.8
2026-07-04,2026-07-05 04:30:00,Before,72.7,14.3,36.67,57.0,5,6.09,20.7,21.7,57.6,6,52.9
2026-07-04,2026-07-05 04:50:00,Before,71.5,15.1,36.63,38.7,0,5.71,12.0,24.8,63.3,4,42.6
2026-07-04,2026-07-05 05:10:00,Before,59.5,14.5,36.27,62.8,5,6.65,12.1,15.1,72.8,6,68.4
2026-07-04,2026-07-05 05:30:00,Before,71.8,16.3,36.75,55.7,1,6.54,18.0,20.3,61.7,5,46.9
2026-07-04,2026-07-05 05:50:00,Before,66.0,13.0,36.58,39.1,5,5.7,13.6,19.3,67.1,6,39.7
2026-07-04,2026-07-05 06:10:00,Before,67.4,13.5,36.45,50.9,5,6.26,15.5,20.4,64.1,6,49.6
2026-07-04,2026-07-05 06:30:00,Before,67.1,14.4,36.43,35.4,5,6.99,16.0,23.7,60.3,4,57.9
2026-07-05,2026-07-05 22:30:00,Before,64.1,18.7,36.3,50.8,3,6.22,16.5,22.9,60.6,8,42.2
2026-07-05,2026-07-05 22:50:00,Before,62.2,15.4,37.24,40.8,4,6.94,18.1,18.4,63.5,3,61.1
2026-07-05,2026-07-05 23:10:00,Before,63.1,14.4,36.45,46.2,1,5.92,19.5,23.1,57.5,5,52.3
2026-07-05,2026-07-05 23:30:00,Before,74.4,13.7,36.29,54.3,2,7.08,19.0,20.2,60.8,6,46.9
2026-07-05,2026-07-05 23:50:00,Before,67.6,13.4,36.57,39.9,5,5.71,15.9,23.6,60.5,5,64.3
2026-07-05,2026-07-06 00:10:00,Before,68.4,15.8,36.52,49.2,2,6.13,13.3,17.3,69.4,4,50.0
2026-07-05,2026-07-06 00:30:00,Before,67.3,16.6,36.39,33.6,7,6.0,21.1,21.7,57.2,6,44.5
2026-07-05,2026-07-06 00:50:00,Before,66.2,13.7,36.51,38.7,6,6.79,21.9,21.7,56.5,5,44.3
2026-07-05,2026-07-06 01:10:00,Before,63.3,15.0,36.45,46.3,0,6.43,17.2,14.6,68.2,4,32.9
2026-07-05,2026-07-06 01:30:00,Before,68.0,15.9,36.4,52.9,2,5.62,16.3,24.5,59.3,5,45.3
2026-07-05,2026-07-06 01:50:00,Before,64.9,15.0,36.5,49.5,6,5.73,16.3,19.6,64.1,6,43.1
2026-07-05,2026-07-06 02:10:00,Before,62.9,17.3,36.52,55.9,0,6.54,15.0,12.2,72.8,4,56.5
2026-07-05,2026-07-06 02:30:00,Before,61.8,15.8,36.6,53.2,2,5.66,16.9,23.5,59.6,4,33.2
2026-07-05,2026-07-06 02:50:00,Before,65.4,14.2,36.03,50.6,5,6.29,16.7,22.8,60.5,7,56.5
2026-07-05,2026-07-06 03:10:00,Before,68.0,16.7,36.44,49.5,3,6.1,17.3,20.7,62.0,4,45.9
2026-07-05,2026-07-06 03:30:00,Before,71.5,14.0,36.27,54.1,1,6.72,18.0,17.9,64.1,4,60.8
2026-07-05,2026-07-06 03:50:00,Before,69.1,17.5,36.29,43.5,3,5.94,17.1,24.4,58.5,7,51.4
2026-07-05,2026-07-06 04:10:00,Before,69.1,14.2,36.69,53.0,2,6.11,24.2,16.7,59.1,5,48.1
2026-07-05,2026-07-06 04:30:00,Before,68.1,16.7,36.82,42.8,7,6.5,21.1,20.5,58.3,3,57.8
2026-07-05,2026-07-06 04:50:00,Before,64.7,14.7,36.75,59.1,4,6.21,23.3,21.9,54.8,5,56.8
2026-07-05,2026-07-06 05:10:00,Before,64.8,16.2,36.54,47.8,3,6.78,15.5,20.8,63.7,3,61.4
2026-07-05,2026-07-06 05:30:00,Before,72.1,14.7,36.32,50.5,0,6.85,14.3,21.9,63.8,5,56.7
2026-07-05,2026-07-06 05:50:00,Before,63.9,14.8,36.78,44.6,6,6.96,14.4,23.5,62.1,4,57.1
2026-07-05,2026-07-06 06:10:00,Before,64.1,18.8,36.53,49.1,5,5.89,17.0,23.9,59.1,6,42.9
2026-07-05,2026-07-06 06:30:00,Before,70.3,16.5,35.91,55.2,2,6.16,16.6,24.5,58.9,6,41.6
2026-07-06,2026-07-06 22:30:00,Before,73.5,17.3,36.75,46.0,4,5.77,12.1,16.5,71.5,4,55.2
2026-07-06,2026-07-06 22:50:00,Before,60.4,15.8,36.86,46.2,4,6.19,23.2,25.0,51.8,4,47.7
2026-07-06,2026-07-06 23:10:00,Before,68.6,14.0,36.68,54.9,2,6.75,13.6,17.3,69.1,5,51.7
2026-07-06,2026-07-06 23:30:00,Before,64.1,14.1,36.52,62.1,2,5.11,20.1,22.2,57.7,5,45.5
2026-07-06,2026-07-06 23:50:00,Before,68.8,13.2,36.47,55.1,4,5.64,14.2,19.1,66.8,4,45.4
2026-07-06,2026-07-07 00:10:00,Before,69.2,14.8,36.85,72.0,3,6.37,23.3,19.8,56.9,4,44.0
2026-07-06,2026-07-07 00:30:00,Before,66.8,14.8,37.1,63.9,1,5.73,21.9,20.2,57.9,4,49.3
2026-07-06,2026-07-07 00:50:00,Before,64.8,16.4,36.42,43.4,3,6.04,18.8,21.0,60.3,5,49.3
2026-07-06,2026-07-07 01:10:00,Before,64.4,15.6,36.82,39.2,5,6.2,10.6,20.6,68.8,5,60.1
2026-07-06,2026-07-07 01:30:00,Before,71.2,16.3,36.79,46.3,4,6.05,15.6,17.1,67.3,6,62.7
2026-07-06,2026-07-07 01:50:00,Before,63.3,15.5,36.95,47.3,5,6.4,21.2,27.8,51.1,6,52.3
2026-07-06,2026-07-07 02:10:00,Before,67.7,15.0,36.68,45.3,5,5.25,14.9,23.9,61.2,5,38.7
2026-07-06,2026-07-07 02:30:00,Before,65.2,16.8,36.74,45.8,2,6.03,19.7,23.8,56.6,3,61.4
2026-07-06,2026-07-07 02:50:00,Before,66.6,17.3,36.61,49.2,2,5.99,17.7,20.8,61.4,5,53.6
2026-07-06,2026-07-07 03:10:00,Before,65.3,16.8,36.26,49.1,2,7.07,20.6,16.0,63.3,6,58.0
2026-07-06,2026-07-07 03:30:00,Before,62.8,16.8,36.67,53.9,2,6.7,16.6,13.5,69.9,6,47.7
2026-07-06,2026-07-07 03:50:00,Before,66.7,16.0,36.65,54.4,4,6.0,20.1,18.4,61.5,6,45.3
2026-07-06,2026-07-07 04:10:00,Before,68.2,14.5,36.37,48.8,1,5.35,16.0,15.2,68.9,6,52.1
2026-07-06,2026-07-07 04:30:00,Before,64.0,16.1,36.82,56.1,1,6.3,19.6,18.1,62.4,5,47.7
2026-07-06,2026-07-07 04:50:00,Before,64.4,15.6,36.69,58.5,1,6.32,19.2,22.0,58.8,8,33.9
2026-07-06,2026-07-07 05:10:00,Before,64.6,17.7,36.51,56.0,5,6.3,13.6,20.1,66.3,5,34.2
2026-07-06,2026-07-07 05:30:00,Before,68.5,15.7,36.97,53.5,2,5.87,12.4,18.2,69.5,5,45.8
2026-07-06,2026-07-07 05:50:00,Before,64.6,13.4,36.58,34.5,2,6.54,20.8,18.3,60.9,6,69.8
2026-07-06,2026-07-07 06:10:00,Before,68.3,15.2,36.41,46.3,2,6.68,17.1,25.7,57.2,5,48.0
2026-07-06,2026-07-07 06:30:00,Before,61.7,12.8,36.2,50.4,5,6.43,15.3,20.4,64.3,7,54.9
2026-07-07,2026-07-07 22:30:00,Before,66.1,14.2,36.06,41.5,2,6.43,16.4,23.7,59.9,7,56.9
2026-07-07,2026-07-07 22:50:00,Before,60.9,15.8,36.79,51.4,2,6.49,13.0,20.3,66.7,5,50.5
2026-07-07,2026-07-07 23:10:00,Before,66.6,12.7,36.46,48.8,2,6.58,21.5,21.4,57.1,6,63.8
2026-07-07,2026-07-07 23:30:00,Before,64.4,14.1,36.33,45.6,7,6.85,22.5,22.3,55.1,4,65.6
2026-07-07,2026-07-07 23:50:00,Before,66.1,13.7,36.36,44.1,0,6.79,21.9,18.3,59.8,5,41.7
2026-07-07,2026-07-08 00:10:00,Before,64.2,16.9,37.0,36.9,4,5.93,17.0,18.6,64.4,5,52.0
2026-07-07,2026-07-08 00:30:00,Before,63.2,15.0,36.15,44.8,3,6.31,20.2,15.4,64.5,3,57.7
2026-07-07,2026-07-08 00:50:00,Before,59.9,15.8,36.3,62.2,3,6.31,12.6,17.4,70.0,5,54.5
2026-07-07,2026-07-08 01:10:00,Before,70.4,12.8,36.56,38.0,6,5.65,18.7,18.6,62.7,5,66.2
2026-07-07,2026-07-08 01:30:00,Before,61.7,15.9,36.72,57.8,2,6.24,14.7,22.6,62.7,5,42.5
2026-07-07,2026-07-08 01:50:00,Before,67.0,16.1,36.66,57.4,2,5.93,21.8,13.6,64.6,9,50.6
2026-07-07,2026-07-08 02:10:00,Before,67.8,15.4,36.67,52.7,3,6.49,16.3,23.4,60.3,6,30.0
2026-07-07,2026-07-08 02:30:00,Before,69.3,15.8,36.6,44.5,4,6.72,15.1,17.3,67.5,4,50.8
2026-07-07,2026-07-08 02:50:00,Before,70.0,16.3,36.78,51.8,5,5.93,14.1,19.9,65.9,3,40.7
2026-07-07,2026-07-08 03:10:00,Before,66.3,14.7,36.63,46.8,3,5.99,16.2,24.4,59.4,5,48.2
2026-07-07,2026-07-08 03:30:00,Before,67.3,15.3,36.42,39.0,5,5.86,11.6,19.6,68.8,5,48.9
2026-07-07,2026-07-08 03:50:00,Before,61.2,17.3,36.39,51.0,5,5.7,19.7,22.5,57.7,6,48.2
2026-07-07,2026-07-08 04:10:00,Before,71.8,13.8,36.62,41.4,2,6.6,15.2,20.5,64.4,4,61.8
2026-07-07,2026-07-08 04:30:00,Before,67.0,15.5,36.52,49.4,1,6.57,14.0,18.0,68.0,5,42.9
2026-07-07,2026-07-08 04:50:00,Before,64.1,14.8,36.82,50.4,4,6.29,16.8,25.9,57.3,7,38.6
2026-07-07,2026-07-08 05:10:00,Before,68.8,14.3,36.65,48.6,4,6.48,21.2,19.6,59.2,4,53.4
2026-07-07,2026-07-08 05:30:00,Before,69.1,13.3,36.03,43.0,1,5.65,15.4,24.4,60.2,5,49.9
2026-07-07,2026-07-08 05:50:00,Before,69.2,13.8,36.86,47.3,3,6.37,13.8,17.4,68.8,6,41.5
2026-07-07,2026-07-08 06:10:00,Before,72.7,14.1,36.76,45.0,1,6.47,17.1,17.0,65.9,6,46.8
2026-07-07,2026-07-08 06:30:00,Before,66.2,14.0,35.96,46.3,2,6.44,16.9,26.1,57.1,5,59.1
2026-07-08,2026-07-08 22:30:00,Before,64.5,15.7,36.99,45.9,1,6.29,20.4,17.8,61.8,2,57.2
2026-07-08,2026-07-08 22:50:00,Before,70.5,13.5,36.77,54.1,3,5.87,14.2,25.0,60.8,5,44.0
2026-07-08,2026-07-08 23:10:00,Before,66.9,16.3,36.61,46.1,2,5.91,21.5,21.7,56.8,4,52.3
2026-07-08,2026-07-08 23:30:00,Before,68.7,17.2,37.0,38.9,3,6.64,16.7,19.0,64.2,5,46.9
2026-07-08,2026-07-08 23:50:00,Before,74.3,13.1,36.65,66.2,1,6.2,16.4,24.1,59.5,2,65.7
2026-07-08,2026-07-09 00:10:00,Before,62.0,15.1,36.49,53.3,7,7.11,12.2,20.6,67.2,4,59.5
2026-07-08,2026-07-09 00:30:00,Before,67.1,14.5,36.72,64.2,3,6.11,22.2,21.1,56.7,5,50.1
2026-07-08,2026-07-09 00:50:00,Before,62.6,16.4,36.82,43.9,2,6.19,15.3,17.6,67.1,5,45.1
2026-07-08,2026-07-09 01:10:00,Before,61.5,13.5,36.2,50.2,4,6.27,10.1,22.7,67.2,3,59.0
2026-07-08,2026-07-09 01:30:00,Before,67.0,14.1,36.5,54.2,6,6.55,16.0,24.2,59.8,4,51.2
2026-07-08,2026-07-09 01:50:00,Before,54.8,16.1,36.27,43.0,2,5.74,8.0,20.6,71.4,6,49.5
2026-07-08,2026-07-09 02:10:00,Before,71.3,13.9,36.77,58.7,3,5.97,16.7,21.0,62.2,4,46.1
2026-07-08,2026-07-09 02:30:00,Before,67.1,13.9,36.33,54.1,4,5.68,20.0,21.7,58.2,4,41.5
2026-07-08,2026-07-09 02:50:00,Before,72.1,12.9,36.45,50.1,4,6.49,11.7,23.2,65.1,4,50.8
2026-07-08,2026-07-09 03:10:00,Before,67.9,18.5,37.38,53.5,8,6.12,15.1,21.6,63.3,3,44.5
2026-07-08,2026-07-09 03:30:00,Before,70.7,16.9,36.76,48.8,2,6.51,20.0,19.1,60.9,5,41.4
2026-07-08,2026-07-09 03:50:00,Before,65.8,16.8,36.74,52.5,1,6.22,19.4,21.3,59.3,6,45.4
2026-07-08,2026-07-09 04:10:00,Before,59.5,17.1,36.48,40.2,4,6.7,23.8,20.2,56.0,4,47.5
2026-07-08,2026-07-09 04:30:00,Before,63.1,17.4,36.22,59.0,1,5.81,14.5,22.8,62.7,7,40.9
2026-07-08,2026-07-09 04:50:00,Before,65.5,15.3,36.74,46.6,4,6.01,17.9,17.1,65.0,4,53.5
2026-07-08,2026-07-09 05:10:00,Before,66.8,15.5,36.41,45.9,4,5.78,14.1,18.0,67.9,3,50.5
2026-07-08,2026-07-09 05:30:00,Before,70.3,13.6,36.62,51.6,1,6.16,17.6,20.6,61.8,4,62.3
2026-07-08,2026-07-09 05:50:00,Before,71.4,17.3,36.85,33.8,4,6.62,18.9,21.0,60.0,6,41.8
2026-07-08,2026-07-09 06:10:00,Before,70.7,17.3,36.54,47.6,4,6.03,18.5,17.4,64.1,5,51.8
2026-07-08,2026-07-09 06:30:00,Before,67.7,13.1,36.49,63.1,0,5.98,23.1,24.1,52.7,3,57.2
2026-07-09,2026-07-09 22:30:00,Before,65.2,15.9,36.67,45.9,1,5.85,14.6,17.3,68.2,4,49.8
2026-07-09,2026-07-09 22:50:00,Before,64.5,16.5,36.97,42.8,7,6.31,20.0,22.7,57.3,4,52.8
2026-07-09,2026-07-09 23:10:00,Before,69.4,15.2,36.87,69.3,5,5.6,19.4,18.2,62.4,7,58.4
2026-07-09,2026-07-09 23:30:00,Before,64.3,14.7,36.81,44.5,2,6.18,19.8,20.0,60.3,5,47.8
2026-07-09,2026-07-09 23:50:00,Before,73.1,14.0,36.43,43.6,1,6.44,13.4,20.4,66.2,5,46.9
2026-07-09,2026-07-10 00:10:00,Before,68.2,14.0,36.32,48.9,5,5.45,13.0,15.9,71.1,6,45.3
2026-07-09,2026-07-10 00:30:00,Before,70.7,12.3,36.25,48.1,7,5.76,18.9,16.9,64.2,6,47.6
2026-07-09,2026-07-10 00:50:00,Before,73.1,15.1,36.71,41.0,3,6.07,16.5,18.2,65.3,4,46.5
2026-07-09,2026-07-10 01:10:00,Before,67.4,16.2,36.08,60.7,4,5.01,17.0,21.0,62.0,6,36.0
2026-07-09,2026-07-10 01:30:00,Before,67.3,14.1,36.66,39.9,4,6.02,8.0,20.8,71.2,5,44.2
2026-07-09,2026-07-10 01:50:00,Before,74.1,16.9,36.33,55.5,0,6.33,23.2,21.1,55.7,6,49.3
2026-07-09,2026-07-10 02:10:00,Before,71.3,17.1,36.44,36.1,3,6.11,21.3,18.6,60.0,5,50.4
2026-07-09,2026-07-10 02:30:00,Before,70.0,12.1,36.45,49.9,5,5.91,12.8,18.1,69.0,5,44.8
2026-07-09,2026-07-10 02:50:00,Before,59.3,16.8,36.92,53.9,1,5.69,19.1,22.0,58.9,4,50.0
2026-07-09,2026-07-10 03:10:00,Before,68.6,17.7,36.78,55.1,3,6.83,19.4,18.7,61.9,4,57.2
2026-07-09,2026-07-10 03:30:00,Before,68.6,15.8,36.68,63.3,4,6.68,13.5,22.8,63.7,4,47.4
2026-07-09,2026-07-10 03:50:00,Before,64.3,14.5,36.81,46.6,2,5.79,22.3,21.5,56.2,6,42.4
2026-07-09,2026-07-10 04:10:00,Before,70.0,13.9,36.82,49.5,2,6.45,13.5,22.1,64.4,3,59.1
2026-07-09,2026-07-10 04:30:00,Before,70.7,16.3,36.78,54.8,1,5.77,22.0,18.6,59.4,5,46.0
2026-07-09,2026-07-10 04:50:00,Before,68.7,14.7,36.62,36.9,7,6.72,14.5,20.4,65.1,7,44.4
2026-07-09,2026-07-10 05:10:00,Before,68.3,16.0,36.58,43.5,1,6.75,14.9,14.6,70.5,6,43.3
2026-07-09,2026-07-10 05:30:00,Before,69.4,17.5,36.76,57.6,8,7.11,18.7,15.8,65.4,5,40.3
2026-07-09,2026-07-10 05:50:00,Before,69.2,16.8,36.45,49.1,5,7.08,17.0,23.0,60.0,7,46.7
2026-07-09,2026-07-10 06:10:00,Before,65.3,17.3,37.02,53.1,4,5.8,18.8,24.0,57.2,6,50.5
2026-07-09,2026-07-10 06:30:00,Before,63.6,20.1,36.32,45.2,5,5.84,16.5,22.8,60.7,5,51.0
2026-07-10,2026-07-10 22:30:00,Before,69.8,16.1,36.51,46.5,4,6.3,17.9,22.5,59.7,5,54.2
2026-07-10,2026-07-10 22:50:00,Before,65.2,15.2,36.55,41.3,1,6.12,11.6,18.5,69.9,5,48.3
2026-07-10,2026-07-10 23:10:00,Before,66.2,15.4,36.72,55.9,2,5.91,15.7,18.3,66.1,7,38.1
2026-07-10,2026-07-10 23:30:00,Before,65.7,16.0,36.82,44.6,1,5.34,16.5,24.1,59.5,5,47.8
2026-07-10,2026-07-10 23:50:00,Before,63.3,13.8,36.6,35.2,1,6.55,10.4,18.8,70.8,3,39.0
2026-07-10,2026-07-11 00:10:00,Before,68.9,18.0,36.88,54.1,6,6.18,12.1,19.8,68.1,7,56.1
2026-07-10,2026-07-11 00:30:00,Before,66.8,16.9,36.51,32.7,3,5.78,23.7,24.9,51.5,8,42.8
2026-07-10,2026-07-11 00:50:00,Before,68.0,13.2,36.97,37.5,2,5.79,14.5,21.3,64.2,4,52.6
2026-07-10,2026-07-11 01:10:00,Before,66.3,15.6,36.71,44.8,2,5.75,21.1,20.6,58.3,4,53.1
2026-07-10,2026-07-11 01:30:00,Before,63.1,16.5,36.7,45.2,2,6.33,18.3,24.1,57.6,6,48.7
2026-07-10,2026-07-11 01:50:00,Before,62.9,14.4,36.53,55.5,0,6.19,13.7,18.0,68.3,5,49.1
2026-07-10,2026-07-11 02:10:00,Before,59.2,12.3,36.45,52.1,5,6.03,18.3,20.4,61.2,2,59.5
2026-07-10,2026-07-11 02:30:00,Before,67.8,16.3,37.4,29.2,2,6.98,11.6,19.1,69.3,5,48.1
2026-07-10,2026-07-11 02:50:00,Before,64.1,14.7,36.91,43.6,2,5.87,19.7,22.1,58.3,7,44.6
2026-07-10,2026-07-11 03:10:00,Before,69.3,15.6,36.92,41.5,1,6.54,17.3,20.8,61.9,5,53.7
2026-07-10,2026-07-11 03:30:00,Before,72.5,17.0,36.82,43.9,6,6.65,20.6,16.7,62.6,3,55.0
2026-07-10,2026-07-11 03:50:00,Before,64.2,14.3,36.29,43.8,2,5.68,18.1,16.6,65.3,5,30.0
2026-07-10,2026-07-11 04:10:00,Before,66.3,13.1,36.9,55.0,5,5.77,23.1,22.8,54.1,5,56.3
2026-07-10,2026-07-11 04:30:00,Before,63.1,14.3,36.45,43.2,3,5.72,10.6,20.8,68.6,3,50.6
2026-07-10,2026-07-11 04:50:00,Before,62.2,18.5,36.83,49.0,8,6.41,18.8,20.5,60.7,4,45.9
2026-07-10,2026-07-11 05:10:00,Before,66.7,15.7,36.43,51.8,1,7.14,10.9,21.7,67.4,5,58.3
2026-07-10,2026-07-11 05:30:00,Before,65.5,15.3,36.63,45.3,3,5.36,20.6,21.3,58.1,6,30.0
2026-07-10,2026-07-11 05:50:00,Before,65.8,17.2,36.47,38.3,1,5.91,21.3,19.8,58.9,4,41.5
2026-07-10,2026-07-11 06:10:00,Before,68.7,16.2,36.4,27.9,2,6.29,18.6,18.5,63.0,5,33.5
2026-07-10,2026-07-11 06:30:00,Before,64.7,16.2,36.35,48.5,2,6.4,17.9,17.3,64.8,5,54.9
2026-07-11,2026-07-11 22:30:00,Before,66.2,14.6,36.05,58.3,4,6.07,14.3,25.2,60.5,4,47.5
2026-07-11,2026-07-11 22:50:00,Before,67.7,13.7,36.5,50.9,1,6.05,11.7,21.0,67.3,7,46.9
2026-07-11,2026-07-11 23:10:00,Before,67.8,16.5,36.28,63.3,6,6.27,21.4,19.3,59.3,7,53.0
2026-07-11,2026-07-11 23:30:00,Before,66.3,16.5,36.48,69.2,3,5.0,22.3,17.9,59.8,7,33.3
2026-07-11,2026-07-11 23:50:00,Before,71.7,14.8,36.62,45.0,4,5.62,19.0,21.4,59.6,3,42.5
2026-07-11,2026-07-12 00:10:00,Before,66.0,15.0,36.3,51.5,1,6.31,20.7,25.0,54.4,4,48.3
2026-07-11,2026-07-12 00:30:00,Before,68.7,15.0,36.57,54.7,1,5.34,21.6,20.2,58.2,4,47.1
2026-07-11,2026-07-12 00:50:00,Before,66.9,12.9,36.97,48.4,4,6.4,14.8,20.2,65.0,7,46.6
2026-07-11,2026-07-12 01:10:00,Before,64.9,16.5,36.76,43.1,2,6.58,15.7,11.3,73.0,5,45.1
2026-07-11,2026-07-12 01:30:00,Before,61.3,13.6,36.63,60.0,2,6.34,14.2,16.0,69.9,7,42.1
2026-07-11,2026-07-12 01:50:00,Before,72.5,14.2,36.73,37.8,4,5.54,15.2,22.9,61.8,6,52.5
2026-07-11,2026-07-12 02:10:00,Before,68.8,13.8,36.52,41.0,2,6.8,19.1,23.3,57.5,6,53.6
2026-07-11,2026-07-12 02:30:00,Before,66.0,12.8,36.27,63.9,4,6.28,18.5,20.7,60.8,7,41.3
2026-07-11,2026-07-12 02:50:00,Before,64.6,14.3,36.81,56.1,5,6.4,11.2,18.4,70.4,4,58.1
2026-07-11,2026-07-12 03:10:00,Before,63.3,16.6,36.94,54.3,1,6.33,13.5,17.5,69.0,7,53.6
2026-07-11,2026-07-12 03:30:00,Before,66.9,14.9,36.09,38.4,2,7.06,17.8,20.2,62.0,7,65.5
2026-07-11,2026-07-12 03:50:00,Before,64.3,15.5,36.65,40.8,3,5.75,20.6,25.7,53.7,5,49.0
2026-07-11,2026-07-12 04:10:00,Before,67.5,17.3,36.89,47.0,0,6.31,13.9,17.9,68.2,7,58.1
2026-07-11,2026-07-12 04:30:00,Before,66.2,15.6,36.37,58.6,3,6.3,19.3,19.4,61.4,4,58.7
2026-07-11,2026-07-12 04:50:00,Before,69.5,14.1,36.94,58.5,3,6.26,9.5,22.6,67.9,3,64.3
2026-07-11,2026-07-12 05:10:00,Before,65.8,15.2,36.44,45.4,4,5.95,20.6,17.5,61.9,3,60.7
2026-07-11,2026-07-12 05:30:00,Before,71.0,14.3,36.5,39.7,8,6.35,24.3,17.0,58.7,5,54.2
2026-07-11,2026-07-12 05:50:00,Before,66.8,14.0,36.88,68.9,1,6.29,13.8,15.4,70.8,5,58.7
2026-07-11,2026-07-12 06:10:00,Before,68.7,15.5,36.45,38.2,6,6.58,15.2,26.5,58.3,6,44.4
2026-07-11,2026-07-12 06:30:00,Before,59.9,16.7,36.51,46.6,5,5.18,12.9,20.7,66.5,4,46.3
2026-07-12,2026-07-12 22:30:00,Before,68.2,15.2,36.48,36.7,5,6.21,16.3,22.9,60.9,7,39.7
2026-07-12,2026-07-12 22:50:00,Before,74.0,14.3,36.64,52.6,4,5.44,13.4,19.2,67.4,4,51.8
2026-07-12,2026-07-12 23:10:00,Before,64.5,18.7,36.9,49.9,3,6.66,20.0,20.4,59.6,3,50.2
2026-07-12,2026-07-12 23:30:00,Before,66.7,15.4,37.09,35.5,3,7.22,15.6,21.5,62.9,6,55.5
2026-07-12,2026-07-12 23:50:00,Before,66.7,16.2,35.97,54.1,4,6.26,14.9,22.5,62.5,5,43.3
2026-07-12,2026-07-13 00:10:00,Before,62.6,17.8,36.63,42.7,3,6.35,21.2,23.4,55.3,4,61.6
2026-07-12,2026-07-13 00:30:00,Before,67.7,17.4,36.74,34.3,5,6.99,21.9,21.7,56.4,3,58.4
2026-07-12,2026-07-13 00:50:00,Before,64.9,15.9,36.3,46.1,1,5.96,16.5,20.9,62.6,2,37.2
2026-07-12,2026-07-13 01:10:00,Before,65.8,15.2,36.65,41.5,2,6.2,17.5,23.1,59.4,5,41.2
2026-07-12,2026-07-13 01:30:00,Before,65.6,15.7,36.49,46.0,1,6.22,13.3,17.8,68.9,3,60.5
2026-07-12,2026-07-13 01:50:00,Before,59.6,17.2,36.95,45.3,1,5.03,13.5,18.5,68.1,7,46.3
2026-07-12,2026-07-13 02:10:00,Before,63.8,13.1,36.52,46.1,4,5.8,12.4,21.5,66.1,5,45.0
2026-07-12,2026-07-13 02:30:00,Before,69.1,13.2,36.17,42.6,6,6.69,14.2,21.3,64.5,7,34.4
2026-07-12,2026-07-13 02:50:00,Before,68.8,11.8,36.36,62.7,1,5.94,12.9,19.4,67.7,8,31.9
2026-07-12,2026-07-13 03:10:00,Before,63.3,17.7,37.06,47.1,4,5.64,21.2,18.1,60.7,3,53.7
2026-07-12,2026-07-13 03:30:00,Before,69.2,18.2,36.76,55.5,2,5.96,11.5,21.0,67.4,8,31.9
2026-07-12,2026-07-13 03:50:00,Before,66.9,16.5,36.63,47.0,2,5.62,19.0,12.5,68.5,5,47.9
2026-07-12,2026-07-13 04:10:00,Before,70.3,15.8,36.91,51.5,4,5.83,14.8,17.6,67.7,4,65.0
2026-07-12,2026-07-13 04:30:00,Before,71.7,18.4,36.29,48.6,2,5.62,21.7,23.5,54.8,5,54.6
2026-07-12,2026-07-13 04:50:00,Before,73.7,16.6,36.72,49.8,4,6.35,16.2,17.5,66.3,4,67.1
2026-07-12,2026-07-13 05:10:00,Before,67.0,16.7,36.4,41.0,5,6.69,19.4,22.2,58.4,4,52.4
2026-07-12,2026-07-13 05:30:00,Before,71.2,16.8,36.26,51.2,4,5.97,12.0,17.5,70.5,4,51.6
2026-07-12,2026-07-13 05:50:00,Before,67.3,17.5,36.43,34.4,1,5.68,16.0,18.6,65.4,6,42.3
2026-07-12,2026-07-13 06:10:00,Before,65.7,16.6,36.46,51.8,6,6.04,14.5,21.1,64.4,5,58.0
2026-07-12,2026-07-13 06:30:00,Before,62.6,16.6,36.75,46.7,4,6.35,18.9,18.9,62.2,5,63.9
2026-07-13,2026-07-13 22:30:00,Before,65.8,17.1,36.68,45.0,3,5.81,25.0,21.1,53.8,5,44.4
2026-07-13,2026-07-13 22:50:00,Before,68.1,16.2,36.83,39.2,3,6.83,17.3,20.6,62.2,3,62.2
2026-07-13,2026-07-13 23:10:00,Before,70.5,14.4,36.34,45.3,0,6.39,17.1,15.7,67.2,3,56.4
2026-07-13,2026-07-13 23:30:00,Before,59.5,17.0,36.56,77.2,2,7.24,17.8,18.3,63.9,3,70.9
2026-07-13,2026-07-13 23:50:00,Before,71.9,14.9,36.73,43.6,3,6.24,22.8,22.7,54.5,3,53.7
2026-07-13,2026-07-14 00:10:00,Before,67.1,15.2,36.75,35.3,0,6.02,14.5,21.6,63.9,5,50.8
2026-07-13,2026-07-14 00:30:00,Before,63.5,15.2,36.06,49.6,3,6.76,15.4,17.9,66.6,2,58.5
2026-07-13,2026-07-14 00:50:00,Before,74.1,15.9,36.59,50.9,5,6.2,13.6,23.9,62.5,6,45.1
2026-07-13,2026-07-14 01:10:00,Before,70.5,14.8,36.4,41.2,1,5.4,18.7,14.5,66.8,3,35.0
2026-07-13,2026-07-14 01:30:00,Before,66.7,15.3,36.52,38.6,2,5.67,13.9,21.0,65.2,6,43.1
2026-07-13,2026-07-14 01:50:00,Before,64.2,15.6,36.55,50.0,1,6.91,17.2,18.1,64.7,4,49.6
2026-07-13,2026-07-14 02:10:00,Before,61.9,16.9,36.04,52.4,2,5.81,19.3,22.4,58.3,4,53.0
2026-07-13,2026-07-14 02:30:00,Before,64.0,15.6,36.28,31.9,0,6.14,18.4,21.7,59.9,5,53.0
2026-07-13,2026-07-14 02:50:00,Before,65.1,17.5,36.46,58.8,1,5.54,18.0,22.6,59.4,3,42.4
2026-07-13,2026-07-14 03:10:00,Before,62.1,17.5,36.67,38.2,3,5.85,13.4,23.5,63.0,7,38.8
2026-07-13,2026-07-14 03:30:00,Before,71.9,14.8,36.73,60.7,1,6.13,15.9,22.4,61.7,4,59.7
2026-07-13,2026-07-14 03:50:00,Before,67.5,14.6,36.45,35.5,1,5.96,16.1,16.8,67.1,5,52.6
2026-07-13,2026-07-14 04:10:00,Before,66.3,16.5,36.4,57.0,3,6.25,16.1,21.8,62.1,7,43.2
2026-07-13,2026-07-14 04:30:00,Before,68.3,15.3,36.75,61.6,2,5.51,16.3,20.9,62.8,5,34.1
2026-07-13,2026-07-14 04:50:00,Before,63.9,15.4,36.73,28.2,6,6.13,21.2,18.3,60.5,5,54.1
2026-07-13,2026-07-14 05:10:00,Before,69.7,16.4,36.52,57.8,1,5.95,23.8,17.8,58.4,7,38.3
2026-07-13,2026-07-14 05:30:00,Before,68.7,15.9,37.01,42.1,6,5.78,20.3,19.8,59.9,7,47.0
2026-07-13,2026-07-14 05:50:00,Before,65.8,13.1,36.53,45.0,0,6.54,12.8,20.5,66.6,7,52.5
2026-07-13,2026-07-14 06:10:00,Before,64.5,17.8,36.76,31.3,2,6.59,15.8,17.7,66.5,5,61.1
2026-07-13,2026-07-14 06:30:00,Before,64.9,11.9,36.5,56.2,4,5.66,16.1,20.9,62.9,7,36.6
2026-07-14,2026-07-14 22:30:00,Before,68.8,16.4,36.13,51.7,5,6.6,15.7,17.9,66.4,8,56.7
2026-07-14,2026-07-14 22:50:00,Before,63.0,16.0,36.96,34.5,6,6.81,22.7,29.5,47.8,4,56.8
2026-07-14,2026-07-14 23:10:00,Before,59.7,16.3,36.46,65.3,3,5.85,9.8,20.1,70.1,2,51.0
2026-07-14,2026-07-14 23:30:00,Before,72.8,16.0,36.38,47.7,4,5.86,16.6,17.9,65.6,4,61.3
2026-07-14,2026-07-14 23:50:00,Before,67.1,15.7,36.43,58.6,2,6.1,24.6,15.7,59.7,3,58.5
2026-07-14,2026-07-15 00:10:00,Before,64.6,15.0,36.4,45.7,8,6.93,16.6,17.1,66.3,3,63.3
2026-07-14,2026-07-15 00:30:00,Before,66.9,16.9,37.15,41.1,3,5.65,21.8,15.1,63.1,5,44.0
2026-07-14,2026-07-15 00:50:00,Before,67.4,16.6,36.66,38.9,6,5.75,14.8,20.6,64.6,5,39.9
2026-07-14,2026-07-15 01:10:00,Before,70.7,16.4,36.42,34.2,1,6.13,15.7,14.0,70.3,4,49.5
2026-07-14,2026-07-15 01:30:00,Before,69.2,14.5,37.02,30.8,0,6.17,15.2,20.2,64.5,5,50.9
2026-07-14,2026-07-15 01:50:00,Before,64.0,15.2,36.79,46.4,7,6.27,20.6,22.3,57.1,6,55.0
2026-07-14,2026-07-15 02:10:00,Before,66.4,14.6,36.35,38.2,8,6.72,14.3,24.7,61.0,3,67.5
2026-07-14,2026-07-15 02:30:00,Before,65.7,15.1,36.13,43.9,1,5.73,20.4,20.6,59.0,5,40.5
2026-07-14,2026-07-15 02:50:00,Before,63.9,18.2,36.42,62.9,1,6.68,21.5,19.7,58.9,4,54.0
2026-07-14,2026-07-15 03:10:00,Before,68.2,16.8,36.6,53.6,6,6.94,14.3,19.9,65.8,2,67.9
2026-07-14,2026-07-15 03:30:00,Before,66.1,16.0,36.66,59.4,2,6.08,10.6,18.7,70.7,6,46.3
2026-07-14,2026-07-15 03:50:00,Before,66.1,17.0,36.42,34.1,3,6.13,17.0,20.9,62.1,7,44.7
2026-07-14,2026-07-15 04:10:00,Before,68.0,14.7,36.39,42.7,0,6.16,13.1,16.1,70.8,8,44.7
2026-07-14,2026-07-15 04:30:00,Before,70.3,12.9,37.26,56.0,6,6.09,17.9,16.7,65.4,4,44.6
2026-07-14,2026-07-15 04:50:00,Before,67.4,14.6,36.72,22.3,2,6.13,18.5,22.5,59.0,5,47.9
2026-07-14,2026-07-15 05:10:00,Before,67.1,15.0,36.19,57.8,4,6.61,17.0,23.5,59.5,3,59.2
2026-07-14,2026-07-15 05:30:00,Before,73.5,16.1,36.67,48.1,3,5.5,12.9,24.3,62.8,5,57.2
2026-07-14,2026-07-15 05:50:00,Before,66.7,12.7,36.82,42.7,2,6.51,8.0,21.8,70.2,5,55.4
2026-07-14,2026-07-15 06:10:00,Before,70.7,15.8,37.01,53.6,1,5.18,13.8,18.9,67.3,6,38.7
2026-07-14,2026-07-15 06:30:00,Before,62.6,12.7,36.45,65.6,2,6.32,16.5,18.4,65.0,3,46.6
2026-07-15,2026-07-15 22:30:00,Before,59.9,15.3,36.45,39.3,5,6.72,20.4,17.7,61.9,5,49.9
2026-07-15,2026-07-15 22:50:00,Before,67.6,17.8,36.75,52.6,0,6.01,16.5,23.6,59.9,4,48.6
2026-07-15,2026-07-15 23:10:00,Before,65.0,13.8,36.8,67.7,1,5.86,14.6,24.9,60.4,4,46.2
2026-07-15,2026-07-15 23:30:00,Before,62.7,15.9,36.58,37.8,6,5.8,17.5,19.0,63.5,5,47.7
2026-07-15,2026-07-15 23:50:00,Before,71.3,13.9,36.41,57.3,6,6.69,22.6,21.3,56.1,7,48.5
2026-07-15,2026-07-16 00:10:00,Before,60.8,16.8,36.15,49.5,2,6.63,16.8,15.3,67.9,4,50.2
2026-07-15,2026-07-16 00:30:00,Before,59.9,15.6,36.54,32.9,4,6.49,19.0,18.8,62.2,5,59.2
2026-07-15,2026-07-16 00:50:00,Before,68.6,18.3,36.85,63.5,0,5.08,14.6,20.7,64.7,3,44.1
2026-07-15,2026-07-16 01:10:00,Before,63.2,15.7,36.85,53.8,1,5.13,24.1,20.9,55.0,4,47.8
2026-07-15,2026-07-16 01:30:00,Before,67.6,14.5,36.65,42.5,5,6.02,18.1,18.4,63.5,6,38.6
2026-07-15,2026-07-16 01:50:00,Before,63.8,14.1,36.87,56.5,5,5.8,18.2,19.6,62.2,6,46.2
2026-07-15,2026-07-16 02:10:00,Before,65.7,16.3,36.82,42.0,4,6.17,14.4,20.1,65.5,5,52.0
2026-07-15,2026-07-16 02:30:00,Before,59.3,15.0,36.88,59.4,3,6.06,17.4,23.0,59.6,5,48.9
2026-07-15,2026-07-16 02:50:00,Before,70.4,14.3,36.58,57.0,4,6.44,12.3,20.7,67.1,6,55.0
2026-07-15,2026-07-16 03:10:00,Before,60.2,14.4,36.38,48.9,3,6.72,18.0,23.8,58.2,5,45.0
2026-07-15,2026-07-16 03:30:00,Before,62.3,13.2,36.77,58.7,3,7.03,20.0,21.3,58.8,5,57.4
2026-07-15,2026-07-16 03:50:00,Before,68.1,17.4,36.92,52.9,2,6.49,18.6,22.7,58.7,3,56.3
2026-07-15,2026-07-16 04:10:00,Before,66.7,15.6,36.48,52.7,2,5.83,18.5,18.3,63.3,6,47.2
2026-07-15,2026-07-16 04:30:00,Before,68.4,14.1,36.45,43.9,5,5.77,12.3,15.2,72.5,6,45.3
2026-07-15,2026-07-16 04:50:00,Before,68.3,16.5,36.67,53.9,2,6.17,15.0,19.2,65.8,7,44.9
2026-07-15,2026-07-16 05:10:00,Before,63.0,16.3,36.94,36.6,5,6.64,16.6,23.7,59.7,5,60.3
2026-07-15,2026-07-16 05:30:00,Before,71.2,13.9,36.8,46.4,5,6.26,20.7,17.7,61.6,5,50.0
2026-07-15,2026-07-16 05:50:00,Before,63.9,16.8,36.57,45.9,5,6.85,12.0,20.8,67.2,5,58.7
2026-07-15,2026-07-16 06:10:00,Before,62.7,17.9,36.2,45.8,4,6.4,22.1,20.0,57.9,4,50.9
2026-07-15,2026-07-16 06:30:00,Before,69.8,14.6,36.41,46.0,4,6.05,16.4,22.2,61.4,5,58.3
2026-07-16,2026-07-16 22:30:00,After,63.0,17.0,36.38,37.1,2,7.25,23.9,16.5,59.6,3,73.8
2026-07-16,2026-07-16 22:50:00,After,62.0,16.2,36.61,55.8,3,6.51,21.1,22.0,56.9,3,73.8
2026-07-16,2026-07-16 23:10:00,After,60.1,14.4,36.0,57.0,0,6.77,17.9,29.8,52.3,2,71.9
2026-07-16,2026-07-16 23:30:00,After,68.8,13.4,36.92,40.3,2,6.7,19.4,26.3,54.3,3,59.2
2026-07-16,2026-07-16 23:50:00,After,61.1,14.9,36.71,37.9,1,5.69,14.9,14.5,70.6,4,64.3
2026-07-16,2026-07-17 00:10:00,After,62.2,16.4,36.66,58.5,1,6.27,21.2,22.3,56.5,4,66.7
2026-07-16,2026-07-17 00:30:00,After,65.2,15.4,37.04,41.2,0,6.58,18.8,29.3,51.9,2,75.7
2026-07-16,2026-07-17 00:50:00,After,61.9,12.6,36.55,47.6,2,7.29,16.3,24.4,59.3,1,81.7
2026-07-16,2026-07-17 01:10:00,After,59.6,15.3,36.78,51.8,0,7.11,17.9,20.6,61.5,4,78.5
2026-07-16,2026-07-17 01:30:00,After,60.6,13.2,36.34,29.6,1,6.43,17.6,22.1,60.2,3,71.7
2026-07-16,2026-07-17 01:50:00,After,61.2,13.6,36.53,30.5,3,7.43,21.6,24.8,53.7,3,84.6
2026-07-16,2026-07-17 02:10:00,After,64.7,15.1,36.64,39.0,3,7.06,17.9,28.6,53.5,4,70.5
2026-07-16,2026-07-17 02:30:00,After,62.0,14.6,36.63,25.7,1,7.95,22.1,29.0,48.9,3,87.4
2026-07-16,2026-07-17 02:50:00,After,64.4,12.9,36.53,42.9,1,7.01,23.9,23.6,52.5,2,78.4
2026-07-16,2026-07-17 03:10:00,After,60.8,10.0,36.53,39.0,2,7.17,25.9,22.2,51.9,2,71.0
2026-07-16,2026-07-17 03:30:00,After,61.1,14.7,36.13,55.5,2,7.35,18.6,23.8,57.6,4,70.4
2026-07-16,2026-07-17 03:50:00,After,59.4,15.0,36.29,40.4,5,7.12,25.8,22.0,52.2,0,70.9
2026-07-16,2026-07-17 04:10:00,After,67.2,14.2,36.42,54.5,1,6.32,23.5,22.8,53.7,5,60.0
2026-07-16,2026-07-17 04:30:00,After,61.9,13.0,36.37,27.0,0,6.83,23.7,17.2,59.1,0,80.3
2026-07-16,2026-07-17 04:50:00,After,64.8,14.2,36.15,37.6,1,6.67,24.3,27.3,48.4,2,76.6
2026-07-16,2026-07-17 05:10:00,After,56.3,15.3,36.3,46.8,2,6.89,21.9,19.0,59.1,4,68.1
2026-07-16,2026-07-17 05:30:00,After,57.0,14.8,36.75,55.5,3,7.02,27.2,20.6,52.2,2,67.3
2026-07-16,2026-07-17 05:50:00,After,57.9,14.7,36.9,42.2,4,6.6,20.0,24.4,55.5,0,91.9
2026-07-16,2026-07-17 06:10:00,After,64.9,14.5,36.8,65.1,0,6.7,23.5,22.2,54.4,3,62.7
2026-07-16,2026-07-17 06:30:00,After,60.1,12.3,36.32,20.8,1,6.86,20.1,23.5,56.4,3,79.6
2026-07-17,2026-07-17 22:30:00,After,72.1,16.0,36.39,39.6,2,6.69,25.4,26.0,48.6,5,61.0
2026-07-17,2026-07-17 22:50:00,After,64.7,15.2,36.38,37.1,2,7.72,18.5,17.9,63.6,3,70.5
2026-07-17,2026-07-17 23:10:00,After,62.1,12.8,36.8,38.0,1,6.38,16.9,24.1,58.9,2,63.6
2026-07-17,2026-07-17 23:30:00,After,65.1,13.1,36.43,35.9,4,7.14,17.5,23.6,58.8,4,68.1
2026-07-17,2026-07-17 23:50:00,After,67.7,16.2,36.92,46.7,2,7.29,25.1,22.8,52.1,2,71.0
2026-07-17,2026-07-18 00:10:00,After,59.5,14.2,36.44,63.3,2,7.4,22.0,26.7,51.3,4,62.2
2026-07-17,2026-07-18 00:30:00,After,65.1,14.0,36.52,37.4,2,7.46,20.6,24.5,54.9,2,86.0
2026-07-17,2026-07-18 00:50:00,After,64.3,12.9,36.67,53.5,3,7.09,23.8,22.6,53.6,4,67.7
2026-07-17,2026-07-18 01:10:00,After,61.9,15.5,36.56,40.3,2,7.69,21.7,20.0,58.3,0,69.1
2026-07-17,2026-07-18 01:30:00,After,58.2,16.4,36.53,47.5,2,6.0,22.5,23.8,53.6,5,70.3
2026-07-17,2026-07-18 01:50:00,After,63.3,13.8,37.25,49.6,1,6.61,13.6,23.9,62.5,5,55.1
2026-07-17,2026-07-18 02:10:00,After,63.2,13.2,36.63,42.4,1,6.39,26.7,26.9,46.4,2,78.5
2026-07-17,2026-07-18 02:30:00,After,62.4,13.8,36.51,46.6,1,6.75,22.1,25.4,52.6,3,70.5
2026-07-17,2026-07-18 02:50:00,After,64.7,15.3,36.48,39.7,1,7.09,13.3,18.0,68.7,0,83.8
2026-07-17,2026-07-18 03:10:00,After,63.0,12.4,36.62,52.9,3,7.1,25.2,21.6,53.3,3,70.2
2026-07-17,2026-07-18 03:30:00,After,57.4,15.7,37.01,36.1,1,7.43,27.3,21.4,51.3,3,61.1
2026-07-17,2026-07-18 03:50:00,After,60.7,11.4,36.61,51.5,2,6.45,18.1,25.1,56.8,3,67.8
2026-07-17,2026-07-18 04:10:00,After,61.5,13.8,36.76,41.0,3,6.4,21.9,23.9,54.2,1,69.9
2026-07-17,2026-07-18 04:30:00,After,65.1,12.0,36.55,44.9,4,6.22,22.8,23.3,54.0,2,72.5
2026-07-17,2026-07-18 04:50:00,After,63.1,13.2,36.49,54.8,2,7.08,17.1,28.1,54.8,3,69.5
2026-07-17,2026-07-18 05:10:00,After,66.1,12.6,36.31,44.6,7,6.54,22.2,19.8,58.1,3,65.8
2026-07-17,2026-07-18 05:30:00,After,71.9,14.2,36.15,42.8,3,7.23,17.2,21.7,61.1,2,73.7
2026-07-17,2026-07-18 05:50:00,After,65.4,13.3,36.43,43.9,0,7.26,24.3,22.0,53.7,3,76.5
2026-07-17,2026-07-18 06:10:00,After,64.5,14.4,36.86,49.2,2,6.8,19.6,21.0,59.4,2,75.7
2026-07-17,2026-07-18 06:30:00,After,66.6,13.7,36.73,45.1,1,6.94,21.3,25.2,53.5,3,87.2
2026-07-18,2026-07-18 22:30:00,After,60.0,15.1,36.37,36.2,2,7.0,15.2,21.0,63.8,6,71.5
2026-07-18,2026-07-18 22:50:00,After,59.9,16.4,36.25,39.0,1,7.62,18.5,16.8,64.7,4,84.0
2026-07-18,2026-07-18 23:10:00,After,56.0,15.0,36.56,36.9,4,6.37,18.8,28.2,53.0,2,69.6
2026-07-18,2026-07-18 23:30:00,After,64.9,13.4,36.04,40.1,3,6.85,20.2,23.4,56.3,4,85.9
2026-07-18,2026-07-18 23:50:00,After,65.9,16.0,36.37,34.8,0,7.03,24.5,23.2,52.3,4,67.4
2026-07-18,2026-07-19 00:10:00,After,60.3,15.5,36.29,49.8,2,6.9,18.7,31.8,49.4,1,71.0
2026-07-18,2026-07-19 00:30:00,After,64.5,15.2,36.74,60.3,1,7.23,23.1,29.2,47.7,1,84.1
2026-07-18,2026-07-19 00:50:00,After,63.6,15.6,36.47,36.4,4,7.39,21.3,23.9,54.8,4,69.2
2026-07-18,2026-07-19 01:10:00,After,65.9,13.5,36.33,30.3,1,6.77,24.1,17.8,58.0,0,69.6
2026-07-18,2026-07-19 01:30:00,After,64.6,14.7,36.31,54.5,1,6.84,19.0,21.2,59.9,4,71.7
2026-07-18,2026-07-19 01:50:00,After,66.4,14.8,36.1,63.0,2,7.17,16.9,19.2,63.9,2,74.4
2026-07-18,2026-07-19 02:10:00,After,60.8,15.3,36.76,49.4,3,6.73,25.2,27.7,47.1,3,59.7
2026-07-18,2026-07-19 02:30:00,After,59.8,16.3,36.46,44.7,2,7.34,24.7,20.1,55.3,3,75.0
2026-07-18,2026-07-19 02:50:00,After,60.1,14.0,36.12,40.9,2,6.88,26.3,20.6,53.1,3,66.3
2026-07-18,2026-07-19 03:10:00,After,62.1,12.0,36.44,42.3,0,7.24,24.3,23.3,52.4,3,66.0
2026-07-18,2026-07-19 03:30:00,After,62.7,16.0,36.1,37.7,2,7.12,26.2,20.7,53.1,2,70.0
2026-07-18,2026-07-19 03:50:00,After,60.2,13.8,36.69,34.5,1,7.19,20.8,28.0,51.1,2,58.6
2026-07-18,2026-07-19 04:10:00,After,56.0,14.4,36.65,47.4,5,6.27,18.8,17.6,63.6,2,69.0
2026-07-18,2026-07-19 04:30:00,After,63.4,14.4,36.27,42.3,3,6.33,17.7,19.6,62.7,1,70.7
2026-07-18,2026-07-19 04:50:00,After,64.5,15.4,37.14,23.8,3,6.74,19.8,20.3,59.9,5,73.1
2026-07-18,2026-07-19 05:10:00,After,63.1,16.3,36.12,32.0,1,6.02,22.4,23.4,54.2,1,75.2
2026-07-18,2026-07-19 05:30:00,After,63.8,15.4,36.03,46.8,1,7.24,22.3,20.4,57.2,3,62.0
2026-07-18,2026-07-19 05:50:00,After,67.0,14.0,36.78,39.3,2,6.76,19.8,19.9,60.4,4,68.4
2026-07-18,2026-07-19 06:10:00,After,59.6,13.7,35.8,51.0,3,6.34,20.5,19.1,60.4,4,69.7
2026-07-18,2026-07-19 06:30:00,After,64.3,10.4,36.37,37.7,1,6.57,22.8,25.3,51.9,4,66.9
2026-07-19,2026-07-19 22:30:00,After,70.0,16.0,36.47,39.7,3,6.93,19.0,17.1,64.0,2,72.6
2026-07-19,2026-07-19 22:50:00,After,68.6,15.7,36.35,47.5,0,7.37,27.3,24.1,48.6,2,71.4
2026-07-19,2026-07-19 23:10:00,After,62.4,16.8,36.45,43.8,2,7.53,25.6,23.1,51.3,4,76.4
2026-07-19,2026-07-19 23:30:00,After,62.6,12.2,36.74,56.7,1,6.46,19.8,23.4,56.8,4,51.6
2026-07-19,2026-07-19 23:50:00,After,68.5,13.7,36.63,49.6,0,7.07,17.2,21.5,61.3,4,63.0
2026-07-19,2026-07-20 00:10:00,After,54.1,14.0,36.46,45.2,3,7.33,23.8,24.9,51.4,1,65.6
2026-07-19,2026-07-20 00:30:00,After,60.4,13.3,36.69,38.5,1,7.5,22.0,22.5,55.5,3,83.1
2026-07-19,2026-07-20 00:50:00,After,60.4,16.3,36.55,42.6,0,8.13,21.9,23.4,54.7,3,70.7
2026-07-19,2026-07-20 01:10:00,After,65.3,11.9,36.17,63.2,2,7.92,23.6,21.5,54.8,5,66.3
2026-07-19,2026-07-20 01:30:00,After,64.4,14.0,36.66,43.4,4,6.35,22.7,22.2,55.1,3,66.5
2026-07-19,2026-07-20 01:50:00,After,70.1,14.6,36.39,47.0,1,6.45,22.0,21.6,56.5,1,85.6
2026-07-19,2026-07-20 02:10:00,After,59.2,14.3,36.3,46.7,3,6.43,20.7,27.5,51.8,6,62.5
2026-07-19,2026-07-20 02:30:00,After,57.7,15.7,36.56,48.5,0,7.51,15.9,24.2,59.9,2,76.3
2026-07-19,2026-07-20 02:50:00,After,64.6,14.0,36.47,42.1,3,7.44,25.1,23.1,51.7,4,84.5
2026-07-19,2026-07-20 03:10:00,After,66.6,14.4,36.37,21.0,0,6.58,17.9,22.7,59.4,3,83.4
2026-07-19,2026-07-20 03:30:00,After,61.4,14.2,36.19,49.5,2,7.18,19.4,25.6,55.0,3,74.5
2026-07-19,2026-07-20 03:50:00,After,60.3,15.4,37.02,34.9,1,7.35,20.0,14.5,65.5,5,75.6
2026-07-19,2026-07-20 04:10:00,After,56.9,13.4,36.89,57.0,1,7.42,21.5,26.4,52.1,2,69.5
2026-07-19,2026-07-20 04:30:00,After,66.5,14.2,36.84,38.0,0,7.11,22.0,20.9,57.2,4,59.5
2026-07-19,2026-07-20 04:50:00,After,63.0,16.4,36.39,37.5,3,7.33,26.1,29.2,44.7,4,46.9
2026-07-19,2026-07-20 05:10:00,After,64.6,13.6,36.23,45.1,4,6.55,22.2,21.3,56.5,1,81.0
2026-07-19,2026-07-20 05:30:00,After,61.3,12.4,36.46,44.6,0,6.21,26.1,29.0,44.9,3,68.6
2026-07-19,2026-07-20 05:50:00,After,61.1,13.7,36.66,41.2,2,6.95,24.1,22.9,52.9,3,71.7
2026-07-19,2026-07-20 06:10:00,After,60.9,13.8,35.98,52.8,4,7.13,15.7,23.8,60.5,3,69.8
2026-07-19,2026-07-20 06:30:00,After,62.5,14.5,36.59,46.9,3,6.72,22.3,18.1,59.6,2,75.6
2026-07-20,2026-07-20 22:30:00,After,59.4,13.8,35.9,31.7,2,6.5,25.6,22.4,52.0,2,68.5
2026-07-20,2026-07-20 22:50:00,After,65.0,16.4,36.34,44.9,0,6.44,23.8,32.3,43.9,3,69.5
2026-07-20,2026-07-20 23:10:00,After,62.8,15.0,36.69,32.8,1,6.99,14.1,22.4,63.6,2,75.3
2026-07-20,2026-07-20 23:30:00,After,57.2,13.5,36.74,37.9,0,7.01,23.8,20.1,56.1,1,75.3
2026-07-20,2026-07-20 23:50:00,After,61.9,15.2,36.48,45.8,2,6.27,20.0,21.2,58.9,2,73.6
2026-07-20,2026-07-21 00:10:00,After,58.1,14.8,35.95,46.5,1,7.38,17.5,25.0,57.4,3,84.6
2026-07-20,2026-07-21 00:30:00,After,60.0,18.5,35.9,41.0,3,6.24,22.0,21.2,56.8,1,71.9
2026-07-20,2026-07-21 00:50:00,After,64.3,15.3,36.98,24.4,2,8.22,21.2,26.3,52.5,5,76.1
2026-07-20,2026-07-21 01:10:00,After,60.1,10.6,36.67,36.7,1,7.08,22.1,23.8,54.1,1,83.3
2026-07-20,2026-07-21 01:30:00,After,60.9,11.8,36.47,44.3,2,7.14,24.3,25.0,50.7,5,57.2
2026-07-20,2026-07-21 01:50:00,After,58.8,15.3,36.22,30.9,1,7.84,21.8,26.9,51.3,0,83.1
2026-07-20,2026-07-21 02:10:00,After,59.9,15.2,36.27,58.2,2,6.86,19.8,26.7,53.5,4,67.0
2026-07-20,2026-07-21 02:30:00,After,56.7,13.4,36.35,38.1,1,6.69,19.8,23.6,56.6,3,63.6
2026-07-20,2026-07-21 02:50:00,After,67.4,12.8,36.1,47.4,1,5.92,26.9,25.0,48.1,1,58.7
2026-07-20,2026-07-21 03:10:00,After,68.9,13.2,36.29,23.6,2,6.84,25.9,21.9,52.3,4,80.2
2026-07-20,2026-07-21 03:30:00,After,66.6,13.5,35.88,46.8,2,6.93,25.7,20.3,54.0,2,71.4
2026-07-20,2026-07-21 03:50:00,After,52.9,16.8,36.27,48.6,2,6.96,16.2,19.9,63.9,4,71.3
2026-07-20,2026-07-21 04:10:00,After,61.6,15.0,36.63,61.9,1,7.07,18.3,22.7,59.1,4,77.3
2026-07-20,2026-07-21 04:30:00,After,57.3,14.7,36.28,38.9,2,7.38,22.4,16.1,61.6,5,73.5
2026-07-20,2026-07-21 04:50:00,After,67.3,11.9,36.81,64.1,2,6.87,20.6,26.7,52.7,3,77.6
2026-07-20,2026-07-21 05:10:00,After,65.4,12.7,36.07,32.9,0,6.81,22.5,23.1,54.4,2,77.7
2026-07-20,2026-07-21 05:30:00,After,64.9,15.6,36.47,49.4,3,7.02,17.2,27.1,55.7,3,77.5
2026-07-20,2026-07-21 05:50:00,After,67.3,14.8,36.35,52.8,1,7.0,24.4,16.5,59.1,3,67.0
2026-07-20,2026-07-21 06:10:00,After,68.8,15.2,36.56,48.4,2,7.04,18.4,20.5,61.1,5,69.9
2026-07-20,2026-07-21 06:30:00,After,69.1,15.0,36.69,52.4,1,6.45,21.0,24.9,54.1,1,75.7
2026-07-21,2026-07-21 22:30:00,After,57.8,16.0,36.33,34.8,1,6.35,20.0,17.3,62.8,2,77.5
2026-07-21,2026-07-21 22:50:00,After,62.3,12.5,36.56,45.2,5,7.88,16.3,25.9,57.8,3,73.9
2026-07-21,2026-07-21 23:10:00,After,61.1,14.5,36.49,40.3,1,6.67,20.2,23.5,56.3,5,62.6
2026-07-21,2026-07-21 23:30:00,After,59.4,13.2,36.54,49.3,4,7.33,22.4,21.8,55.9,3,83.9
2026-07-21,2026-07-21 23:50:00,After,58.3,13.0,36.84,53.2,3,7.03,25.6,30.9,43.5,4,70.5
2026-07-21,2026-07-22 00:10:00,After,65.5,13.8,37.1,45.6,2,6.88,20.8,24.6,54.6,4,70.4
2026-07-21,2026-07-22 00:30:00,After,60.1,16.9,36.23,55.7,3,6.8,21.5,23.2,55.3,2,73.6
2026-07-21,2026-07-22 00:50:00,After,68.5,12.4,36.34,37.1,3,6.96,22.1,23.9,54.0,3,73.0
2026-07-21,2026-07-22 01:10:00,After,65.5,14.1,36.91,66.9,0,7.1,19.5,21.2,59.3,3,64.1
2026-07-21,2026-07-22 01:30:00,After,64.2,13.0,36.77,65.0,1,6.61,25.6,19.2,55.2,3,63.5
2026-07-21,2026-07-22 01:50:00,After,62.3,12.8,36.71,36.5,3,6.66,22.7,27.6,49.7,2,79.5
2026-07-21,2026-07-22 02:10:00,After,68.2,13.1,36.14,46.7,2,6.75,17.9,19.3,62.8,3,70.4
2026-07-21,2026-07-22 02:30:00,After,53.1,16.0,35.97,42.7,1,7.6,29.7,21.9,48.4,1,86.5
2026-07-21,2026-07-22 02:50:00,After,66.0,13.6,36.35,37.5,0,6.84,24.5,24.3,51.1,3,64.3
2026-07-21,2026-07-22 03:10:00,After,63.3,12.0,36.54,51.8,1,7.71,19.9,26.4,53.7,3,73.9
2026-07-21,2026-07-22 03:30:00,After,64.5,13.0,36.53,40.6,2,6.41,29.8,20.2,50.0,2,80.7
2026-07-21,2026-07-22 03:50:00,After,63.7,15.9,36.32,43.1,4,7.49,18.2,21.0,60.8,4,53.4
2026-07-21,2026-07-22 04:10:00,After,62.5,12.2,36.38,41.3,0,6.84,16.8,26.1,57.1,1,64.1
2026-07-21,2026-07-22 04:30:00,After,63.3,15.8,37.01,49.2,2,6.97,19.7,26.0,54.4,3,68.0
2026-07-21,2026-07-22 04:50:00,After,58.4,13.0,36.09,44.1,3,6.46,21.7,28.6,49.7,3,66.5
2026-07-21,2026-07-22 05:10:00,After,58.0,14.9,36.71,38.3,0,6.79,26.5,26.1,47.4,3,77.6
2026-07-21,2026-07-22 05:30:00,After,54.7,15.5,36.22,59.9,1,6.52,24.3,21.7,54.0,3,72.6
2026-07-21,2026-07-22 05:50:00,After,64.4,13.7,36.63,56.7,1,7.01,18.3,17.6,64.1,4,54.5
2026-07-21,2026-07-22 06:10:00,After,61.6,15.4,36.57,40.5,0,6.51,27.0,25.3,47.7,3,71.2
2026-07-21,2026-07-22 06:30:00,After,60.9,14.5,36.52,52.7,2,6.65,20.6,30.2,49.2,2,70.7
2026-07-22,2026-07-22 22:30:00,After,61.4,12.7,36.61,44.3,0,7.41,22.4,23.6,54.0,4,79.2
2026-07-22,2026-07-22 22:50:00,After,60.9,13.4,36.24,50.3,3,7.23,23.5,19.4,57.0,4,64.6
2026-07-22,2026-07-22 23:10:00,After,59.0,13.8,36.35,42.0,1,6.35,25.4,26.4,48.3,0,79.6
2026-07-22,2026-07-22 23:30:00,After,60.2,15.6,36.48,44.3,3,7.5,24.5,30.0,45.5,2,82.2
2026-07-22,2026-07-22 23:50:00,After,62.6,16.2,36.5,40.5,1,7.59,20.2,24.9,55.0,5,72.2
2026-07-22,2026-07-23 00:10:00,After,67.6,12.3,36.39,41.4,1,7.31,20.4,23.4,56.1,3,66.6
2026-07-22,2026-07-23 00:30:00,After,62.6,14.1,36.46,44.3,2,7.03,21.6,18.2,60.2,6,72.9
2026-07-22,2026-07-23 00:50:00,After,63.0,13.8,36.35,26.3,2,7.4,25.9,21.5,52.6,4,81.8
2026-07-22,2026-07-23 01:10:00,After,69.3,13.9,35.92,36.6,1,6.81,25.9,26.8,47.3,3,78.2
2026-07-22,2026-07-23 01:30:00,After,64.3,14.4,36.73,44.7,0,6.88,17.3,26.8,55.9,3,62.1
2026-07-22,2026-07-23 01:50:00,After,64.5,16.9,36.49,44.0,3,7.71,25.4,20.2,54.4,2,72.9
2026-07-22,2026-07-23 02:10:00,After,56.6,14.7,36.28,46.7,2,6.84,23.8,24.6,51.7,5,67.1
2026-07-22,2026-07-23 02:30:00,After,64.1,13.6,36.55,48.0,1,6.96,23.3,21.0,55.8,1,84.6
2026-07-22,2026-07-23 02:50:00,After,64.7,14.0,36.22,36.6,2,7.26,19.0,18.7,62.3,1,74.3
2026-07-22,2026-07-23 03:10:00,After,59.4,10.8,36.41,39.6,2,6.93,23.8,24.6,51.6,0,74.8
2026-07-22,2026-07-23 03:30:00,After,58.2,15.7,36.7,35.9,0,6.8,19.9,23.1,57.0,4,75.3
2026-07-22,2026-07-23 03:50:00,After,61.9,11.8,36.24,39.3,2,6.44,19.6,23.4,57.1,2,61.3
2026-07-22,2026-07-23 04:10:00,After,62.4,15.2,36.2,51.3,0,6.93,20.8,22.0,57.2,2,58.2
2026-07-22,2026-07-23 04:30:00,After,66.5,18.6,36.57,33.8,2,6.53,24.4,16.9,58.7,2,68.3
2026-07-22,2026-07-23 04:50:00,After,65.5,18.0,36.44,31.3,2,7.82,23.5,24.6,51.9,4,77.4
2026-07-22,2026-07-23 05:10:00,After,60.3,11.7,36.27,34.1,5,7.3,17.6,28.4,54.1,2,78.7
2026-07-22,2026-07-23 05:30:00,After,63.2,14.6,36.64,37.7,0,6.45,27.0,27.7,45.4,4,61.9
2026-07-22,2026-07-23 05:50:00,After,61.9,14.5,36.32,59.2,2,7.06,25.1,17.8,57.1,3,80.0
2026-07-22,2026-07-23 06:10:00,After,64.8,14.3,36.39,45.8,1,7.17,25.8,22.3,51.9,3,75.7
2026-07-22,2026-07-23 06:30:00,After,64.9,15.6,36.25,39.2,1,6.78,10.6,26.6,62.8,1,84.4
2026-07-23,2026-07-23 22:30:00,After,65.6,13.7,36.65,47.8,1,6.56,24.3,20.9,54.9,3,68.3
2026-07-23,2026-07-23 22:50:00,After,63.4,16.8,36.44,55.0,2,7.22,21.9,25.1,53.0,5,68.2
2026-07-23,2026-07-23 23:10:00,After,63.8,16.2,36.47,32.1,3,7.96,20.4,23.5,56.2,4,70.6
2026-07-23,2026-07-23 23:30:00,After,59.5,14.7,36.05,41.4,1,7.11,27.6,23.3,49.1,5,67.2
2026-07-23,2026-07-23 23:50:00,After,59.9,14.7,36.45,33.4,3,6.77,19.9,17.7,62.4,5,58.3
2026-07-23,2026-07-24 00:10:00,After,63.2,15.7,36.61,43.5,3,6.23,19.2,23.6,57.1,4,72.9
2026-07-23,2026-07-24 00:30:00,After,58.7,17.6,36.69,44.0,2,7.03,16.3,20.3,63.4,0,68.5
2026-07-23,2026-07-24 00:50:00,After,62.5,16.6,36.6,46.1,1,6.49,19.5,21.9,58.5,2,68.1
2026-07-23,2026-07-24 01:10:00,After,60.7,14.5,36.42,29.6,0,6.51,28.3,20.4,51.3,2,63.7
2026-07-23,2026-07-24 01:30:00,After,69.3,15.1,36.27,54.0,0,7.09,24.3,26.3,49.4,3,67.2
2026-07-23,2026-07-24 01:50:00,After,65.3,14.2,36.59,35.5,2,7.37,19.8,25.6,54.6,0,72.8
2026-07-23,2026-07-24 02:10:00,After,59.8,12.4,36.45,47.5,0,7.32,26.6,26.9,46.5,3,72.5
2026-07-23,2026-07-24 02:30:00,After,63.6,14.8,36.43,45.6,1,7.21,20.3,22.7,57.0,1,66.8
2026-07-23,2026-07-24 02:50:00,After,63.7,13.2,36.06,34.0,1,6.57,24.7,23.5,51.8,2,66.7
2026-07-23,2026-07-24 03:10:00,After,67.6,15.7,36.22,54.5,3,6.93,26.2,19.5,54.3,2,81.1
2026-07-23,2026-07-24 03:30:00,After,54.6,14.2,36.4,50.2,2,7.48,27.0,23.9,49.1,0,81.6
2026-07-23,2026-07-24 03:50:00,After,66.7,14.2,36.94,51.7,3,6.78,26.2,20.6,53.2,3,63.1
2026-07-23,2026-07-24 04:10:00,After,69.2,16.8,36.28,45.3,2,6.69,23.0,25.2,51.8,3,77.2
2026-07-23,2026-07-24 04:30:00,After,65.9,14.4,36.47,52.3,1,6.32,19.2,25.0,55.8,2,71.0
2026-07-23,2026-07-24 04:50:00,After,61.3,13.6,36.24,43.2,2,6.92,15.2,15.8,69.0,3,74.5
2026-07-23,2026-07-24 05:10:00,After,70.2,14.5,36.7,42.2,3,7.96,23.0,28.0,49.1,2,77.6
2026-07-23,2026-07-24 05:30:00,After,63.1,11.0,36.21,34.1,5,7.37,26.2,23.0,50.8,3,71.5
2026-07-23,2026-07-24 05:50:00,After,65.4,13.7,36.74,33.8,1,6.96,20.4,25.7,53.9,2,71.4
2026-07-23,2026-07-24 06:10:00,After,67.9,16.6,36.89,41.5,1,7.55,13.8,28.0,58.2,2,74.9
2026-07-23,2026-07-24 06:30:00,After,59.8,15.3,36.41,32.3,1,6.62,14.6,18.7,66.6,3,55.9
2026-07-24,2026-07-24 22:30:00,After,57.8,14.3,36.36,61.9,1,7.83,24.6,21.2,54.2,1,78.5
2026-07-24,2026-07-24 22:50:00,After,62.4,13.6,36.61,37.2,1,7.17,17.9,25.8,56.3,0,72.8
2026-07-24,2026-07-24 23:10:00,After,62.1,13.3,36.36,60.8,1,6.62,30.5,24.3,45.1,3,72.9
2026-07-24,2026-07-24 23:30:00,After,71.9,12.8,36.22,37.2,1,7.01,27.9,23.5,48.6,2,68.7
2026-07-24,2026-07-24 23:50:00,After,66.1,13.1,36.96,61.4,2,7.12,19.3,25.1,55.6,4,68.5
2026-07-24,2026-07-25 00:10:00,After,60.7,16.6,36.35,33.2,1,6.61,25.0,16.4,58.6,2,70.7
2026-07-24,2026-07-25 00:30:00,After,63.7,16.8,36.89,29.6,0,6.14,25.5,33.6,40.9,1,73.4
2026-07-24,2026-07-25 00:50:00,After,60.5,13.5,36.32,33.9,1,7.43,22.2,24.3,53.5,2,72.6
2026-07-24,2026-07-25 01:10:00,After,64.0,12.6,36.41,36.3,3,6.6,19.6,26.5,53.9,4,59.0
2026-07-24,2026-07-25 01:30:00,After,59.2,18.1,36.94,43.7,0,7.32,23.1,21.5,55.4,5,62.9
2026-07-24,2026-07-25 01:50:00,After,62.0,12.7,36.5,58.3,1,6.94,21.0,26.5,52.6,2,70.5
2026-07-24,2026-07-25 02:10:00,After,66.9,13.8,36.82,32.4,2,6.17,25.1,21.9,53.0,4,56.5
2026-07-24,2026-07-25 02:30:00,After,67.1,12.1,36.33,35.0,3,6.21,31.3,23.3,45.4,4,67.7
2026-07-24,2026-07-25 02:50:00,After,64.7,13.8,36.55,48.8,1,6.97,24.9,19.8,55.3,3,84.8
2026-07-24,2026-07-25 03:10:00,After,67.1,16.3,36.51,46.9,0,7.45,19.5,28.1,52.4,5,76.7
2026-07-24,2026-07-25 03:30:00,After,65.3,13.9,36.6,36.5,0,6.88,19.6,19.2,61.1,2,62.6
2026-07-24,2026-07-25 03:50:00,After,70.3,14.3,36.49,49.3,2,7.43,21.0,21.5,57.5,2,75.1
2026-07-24,2026-07-25 04:10:00,After,61.5,13.0,36.31,45.3,5,7.66,26.7,25.6,47.7,6,73.3
2026-07-24,2026-07-25 04:30:00,After,64.1,17.7,35.82,42.1,2,7.56,26.0,24.2,49.8,3,66.4
2026-07-24,2026-07-25 04:50:00,After,59.0,14.8,36.16,39.2,1,7.72,26.3,18.3,55.4,2,60.6
2026-07-24,2026-07-25 05:10:00,After,60.3,15.4,36.4,48.1,2,6.31,15.3,25.3,59.4,4,57.0
2026-07-24,2026-07-25 05:30:00,After,64.1,15.9,36.39,50.1,2,7.88,24.4,27.6,48.0,4,69.4
2026-07-24,2026-07-25 05:50:00,After,63.4,14.7,36.27,40.5,2,6.91,25.1,27.0,47.9,4,64.1
2026-07-24,2026-07-25 06:10:00,After,67.5,16.4,36.44,44.3,4,6.65,19.7,22.1,58.2,0,75.2
2026-07-24,2026-07-25 06:30:00,After,56.4,14.4,36.72,39.7,2,7.75,21.8,31.2,47.1,1,82.6
2026-07-25,2026-07-25 22:30:00,After,60.6,14.0,36.19,51.9,2,5.93,23.2,20.1,56.7,3,75.4
2026-07-25,2026-07-25 22:50:00,After,59.7,15.9,36.39,59.8,0,6.84,23.7,25.1,51.3,2,69.5
2026-07-25,2026-07-25 23:10:00,After,62.0,11.8,36.48,40.5,4,6.97,21.4,24.8,53.9,3,68.6
2026-07-25,2026-07-25 23:30:00,After,64.8,13.3,36.35,39.2,2,7.61,20.2,23.0,56.7,2,86.8
2026-07-25,2026-07-25 23:50:00,After,55.0,14.8,36.71,50.3,2,6.83,14.8,26.5,58.7,2,66.2
2026-07-25,2026-07-26 00:10:00,After,61.6,14.7,36.49,48.9,1,6.4,28.6,22.7,48.7,4,67.3
2026-07-25,2026-07-26 00:30:00,After,61.3,13.9,36.46,49.4,2,6.69,23.5,20.7,55.8,2,67.5
2026-07-25,2026-07-26 00:50:00,After,65.2,14.6,36.52,66.6,1,7.78,30.5,21.3,48.2,6,67.9
2026-07-25,2026-07-26 01:10:00,After,62.2,15.6,36.48,48.5,3,7.06,27.9,25.6,46.5,2,87.2
2026-07-25,2026-07-26 01:30:00,After,65.2,14.0,35.99,31.6,2,7.77,19.9,27.7,52.4,1,66.2
2026-07-25,2026-07-26 01:50:00,After,66.9,10.9,36.45,72.1,0,6.42,21.9,27.9,50.1,4,72.8
2026-07-25,2026-07-26 02:10:00,After,62.3,16.2,36.66,47.6,2,6.95,18.7,20.0,61.3,4,66.6
2026-07-25,2026-07-26 02:30:00,After,60.0,13.3,36.67,38.3,1,6.14,16.9,24.0,59.1,2,76.1
2026-07-25,2026-07-26 02:50:00,After,66.4,15.4,36.95,43.3,3,7.29,28.9,23.0,48.0,3,82.5
2026-07-25,2026-07-26 03:10:00,After,62.5,13.3,36.72,44.7,1,7.08,19.1,17.8,63.1,3,78.2
2026-07-25,2026-07-26 03:30:00,After,62.2,16.5,36.32,34.5,3,6.97,28.9,22.9,48.2,4,62.5
2026-07-25,2026-07-26 03:50:00,After,66.8,15.9,36.72,43.9,2,6.93,21.8,19.0,59.2,4,76.8
2026-07-25,2026-07-26 04:10:00,After,60.4,12.6,36.31,48.5,0,6.73,23.6,13.9,62.5,4,78.7
2026-07-25,2026-07-26 04:30:00,After,59.3,12.8,36.39,37.2,1,6.5,27.4,20.2,52.4,4,70.0
2026-07-25,2026-07-26 04:50:00,After,56.7,15.3,36.47,39.9,4,7.11,22.2,18.4,59.4,5,85.0
2026-07-25,2026-07-26 05:10:00,After,65.2,14.4,36.43,39.8,3,6.81,19.9,20.8,59.3,3,61.5
2026-07-25,2026-07-26 05:30:00,After,60.1,16.3,36.26,51.8,0,6.07,20.2,26.5,53.2,5,69.9
2026-07-25,2026-07-26 05:50:00,After,64.1,14.0,36.2,61.5,2,6.72,18.1,24.8,57.1,4,66.3
2026-07-25,2026-07-26 06:10:00,After,68.3,13.1,36.87,49.1,2,6.45,23.6,28.9,47.4,3,73.0
2026-07-25,2026-07-26 06:30:00,After,65.0,14.9,36.73,47.6,0,7.38,20.8,24.6,54.6,3,74.9
2026-07-26,2026-07-26 22:30:00,After,62.3,14.6,36.99,41.3,1,7.54,33.5,24.6,41.9,4,76.9
2026-07-26,2026-07-26 22:50:00,After,67.9,14.9,36.7,34.5,2,6.16,26.1,26.2,47.7,3,65.7
2026-07-26,2026-07-26 23:10:00,After,64.4,17.7,36.06,51.0,1,6.59,21.9,22.3,55.8,2,70.9
2026-07-26,2026-07-26 23:30:00,After,59.0,15.8,36.05,48.9,1,7.09,16.6,23.1,60.3,1,78.2
2026-07-26,2026-07-26 23:50:00,After,59.8,13.6,36.57,37.0,1,6.97,28.2,31.4,40.4,3,76.9
2026-07-26,2026-07-27 00:10:00,After,56.8,16.6,36.69,39.6,3,6.52,25.6,19.8,54.6,1,65.7
2026-07-26,2026-07-27 00:30:00,After,65.7,13.4,36.16,38.5,3,6.99,29.4,20.4,50.2,2,70.4
2026-07-26,2026-07-27 00:50:00,After,61.5,15.2,36.74,41.2,2,7.61,21.8,23.1,55.1,4,69.3
2026-07-26,2026-07-27 01:10:00,After,55.4,15.4,36.59,40.8,0,7.28,20.8,21.1,58.1,4,74.6
2026-07-26,2026-07-27 01:30:00,After,63.9,15.5,36.43,37.0,1,6.52,20.2,21.5,58.3,6,45.2
2026-07-26,2026-07-27 01:50:00,After,62.4,16.9,36.53,50.8,2,7.04,16.6,25.4,58.0,3,63.2
2026-07-26,2026-07-27 02:10:00,After,60.2,14.4,36.73,57.3,1,7.11,28.2,18.1,53.6,2,77.8
2026-07-26,2026-07-27 02:30:00,After,63.5,13.5,36.56,52.8,0,6.96,25.6,21.8,52.7,1,59.9
2026-07-26,2026-07-27 02:50:00,After,67.4,15.2,36.52,40.0,1,6.81,14.6,20.8,64.6,2,76.3
2026-07-26,2026-07-27 03:10:00,After,62.9,15.5,36.84,53.5,0,7.21,28.8,23.1,48.1,4,73.2
2026-07-26,2026-07-27 03:30:00,After,63.7,13.6,35.93,49.7,3,6.84,26.2,22.6,51.2,2,80.9
2026-07-26,2026-07-27 03:50:00,After,59.7,13.2,36.28,33.7,0,7.07,20.7,19.3,59.9,4,66.3
2026-07-26,2026-07-27 04:10:00,After,59.2,14.3,36.34,57.4,1,6.03,21.9,21.3,56.8,1,78.0
2026-07-26,2026-07-27 04:30:00,After,65.3,14.3,36.84,50.0,2,6.63,23.5,25.4,51.1,3,71.2
2026-07-26,2026-07-27 04:50:00,After,62.1,12.3,36.46,37.9,2,7.45,22.9,22.6,54.5,2,78.6
2026-07-26,2026-07-27 05:10:00,After,60.0,14.8,36.32,35.9,1,6.71,20.7,22.9,56.5,3,44.2
2026-07-26,2026-07-27 05:30:00,After,60.2,13.7,36.88,34.3,3,6.64,20.2,20.6,59.2,2,90.2
2026-07-26,2026-07-27 05:50:00,After,66.0,16.0,36.62,29.5,1,7.18,25.8,20.4,53.8,4,75.8
2026-07-26,2026-07-27 06:10:00,After,69.5,13.7,36.23,40.7,3,6.07,22.3,21.7,56.0,3,73.5
2026-07-26,2026-07-27 06:30:00,After,61.1,11.5,37.01,35.0,3,6.52,25.8,22.0,52.2,5,51.2
2026-07-27,2026-07-27 22:30:00,After,65.7,13.0,36.84,45.3,2,6.74,25.9,16.8,57.2,2,62.4
2026-07-27,2026-07-27 22:50:00,After,63.8,13.7,36.66,43.0,1,6.3,19.3,21.4,59.3,4,71.8
2026-07-27,2026-07-27 23:10:00,After,69.3,13.8,36.34,47.8,2,6.89,21.3,24.2,54.5,2,82.9
2026-07-27,2026-07-27 23:30:00,After,62.4,15.2,36.86,53.3,0,6.37,18.0,25.7,56.3,4,71.4
2026-07-27,2026-07-27 23:50:00,After,62.3,15.1,36.49,35.2,2,7.15,17.3,22.3,60.4,3,81.3
2026-07-27,2026-07-28 00:10:00,After,65.3,13.2,36.79,41.3,4,6.44,16.6,27.0,56.4,5,59.7
2026-07-27,2026-07-28 00:30:00,After,63.2,15.4,36.44,45.3,1,6.84,22.0,23.3,54.6,1,79.0
2026-07-27,2026-07-28 00:50:00,After,63.5,12.7,36.95,40.9,4,6.87,22.1,24.0,54.0,4,64.3
2026-07-27,2026-07-28 01:10:00,After,63.2,14.5,36.26,64.9,1,7.59,24.5,19.9,55.6,4,83.2
2026-07-27,2026-07-28 01:30:00,After,62.9,18.2,36.07,50.2,2,7.52,24.9,20.3,54.9,3,76.2
2026-07-27,2026-07-28 01:50:00,After,60.8,14.8,36.78,41.3,2,7.09,22.2,23.3,54.5,2,73.0
2026-07-27,2026-07-28 02:10:00,After,66.9,14.5,36.3,35.7,5,6.8,17.3,22.0,60.7,3,57.7
2026-07-27,2026-07-28 02:30:00,After,60.1,13.3,36.3,45.7,0,7.64,19.1,16.7,64.2,5,57.9
2026-07-27,2026-07-28 02:50:00,After,66.4,15.4,36.58,39.3,2,7.23,24.1,25.6,50.3,2,76.1
2026-07-27,2026-07-28 03:10:00,After,66.4,16.0,36.49,42.0,0,7.37,22.4,26.3,51.3,2,67.8
2026-07-27,2026-07-28 03:30:00,After,70.7,11.8,36.38,46.5,2,7.44,19.7,22.0,58.3,5,68.6
2026-07-27,2026-07-28 03:50:00,After,64.3,15.1,36.25,36.3,1,5.72,23.9,29.2,46.9,3,55.2
2026-07-27,2026-07-28 04:10:00,After,60.8,13.6,36.25,51.7,1,7.36,27.3,28.7,43.9,7,61.0
2026-07-27,2026-07-28 04:30:00,After,72.9,13.8,36.35,46.9,1,6.41,21.2,26.9,52.0,3,69.5
2026-07-27,2026-07-28 04:50:00,After,64.7,16.1,36.09,49.3,2,6.88,21.3,27.0,51.8,2,58.3
2026-07-27,2026-07-28 05:10:00,After,62.3,14.5,36.47,49.2,1,6.55,20.2,21.4,58.4,6,73.5
2026-07-27,2026-07-28 05:30:00,After,65.4,15.0,36.57,46.7,2,7.07,21.0,21.6,57.3,2,76.6
2026-07-27,2026-07-28 05:50:00,After,67.6,16.1,36.19,55.6,2,6.83,20.2,27.6,52.2,3,61.3
2026-07-27,2026-07-28 06:10:00,After,65.1,15.7,36.48,50.2,3,5.88,18.1,20.4,61.5,3,62.4
2026-07-27,2026-07-28 06:30:00,After,61.1,13.7,36.83,54.0,5,6.61,19.7,21.0,59.3,3,70.0
2026-07-28,2026-07-28 22:30:00,After,64.1,17.3,36.68,39.4,3,7.0,19.5,20.9,59.6,2,65.5
2026-07-28,2026-07-28 22:50:00,After,64.0,14.8,36.83,28.2,2,7.04,23.1,20.0,56.8,4,70.8
2026-07-28,2026-07-28 23:10:00,After,57.0,12.9,36.37,43.3,0,7.85,19.2,23.7,57.1,3,73.7
2026-07-28,2026-07-28 23:30:00,After,61.7,14.6,36.49,56.0,4,6.68,29.7,24.0,46.3,2,83.0
2026-07-28,2026-07-28 23:50:00,After,70.3,14.3,36.37,42.4,5,7.32,21.0,24.3,54.7,3,72.7
2026-07-28,2026-07-29 00:10:00,After,61.7,16.3,36.32,37.3,4,7.34,21.3,22.3,56.3,1,76.0
2026-07-28,2026-07-29 00:30:00,After,55.4,16.2,35.8,44.4,1,6.49,28.7,19.7,51.6,4,75.5
2026-07-28,2026-07-29 00:50:00,After,54.8,13.4,36.87,32.2,3,7.15,18.7,22.2,59.1,3,73.5
2026-07-28,2026-07-29 01:10:00,After,64.2,13.2,36.66,45.1,1,6.29,18.8,21.6,59.6,4,62.1
2026-07-28,2026-07-29 01:30:00,After,63.8,14.4,36.31,40.9,4,6.6,22.3,26.5,51.2,4,68.3
2026-07-28,2026-07-29 01:50:00,After,61.7,15.7,36.67,38.4,2,6.64,27.0,22.6,50.4,5,69.7
2026-07-28,2026-07-29 02:10:00,After,66.4,13.6,36.59,28.5,1,6.49,18.9,25.0,56.1,3,69.1
2026-07-28,2026-07-29 02:30:00,After,62.4,15.9,36.5,46.2,4,6.74,13.6,21.0,65.4,2,58.6
2026-07-28,2026-07-29 02:50:00,After,58.9,11.3,36.49,51.4,3,6.21,17.6,20.3,62.1,3,60.4
2026-07-28,2026-07-29 03:10:00,After,64.2,14.0,36.5,54.3,3,6.47,25.1,20.2,54.8,3,70.8
2026-07-28,2026-07-29 03:30:00,After,62.0,15.2,36.57,60.5,1,6.59,24.1,18.1,57.7,3,65.0
2026-07-28,2026-07-29 03:50:00,After,60.4,12.1,36.38,53.8,2,6.99,18.9,24.5,56.5,2,78.5
2026-07-28,2026-07-29 04:10:00,After,56.7,12.8,36.22,45.8,3,7.02,24.8,31.0,44.2,2,68.4
2026-07-28,2026-07-29 04:30:00,After,64.1,13.9,36.82,36.7,5,6.89,26.1,21.7,52.2,4,57.8
2026-07-28,2026-07-29 04:50:00,After,57.3,16.2,36.5,52.3,3,7.61,22.2,25.0,52.8,4,66.0
2026-07-28,2026-07-29 05:10:00,After,66.0,13.8,36.44,62.9,1,7.27,22.1,28.1,49.8,3,88.3
2026-07-28,2026-07-29 05:30:00,After,58.5,14.3,36.31,39.5,2,7.28,16.5,19.8,63.7,3,77.2
2026-07-28,2026-07-29 05:50:00,After,65.2,13.1,36.26,39.4,2,7.11,29.6,19.7,50.7,4,65.8
2026-07-28,2026-07-29 06:10:00,After,61.3,15.7,36.44,46.2,0,6.81,29.7,22.3,48.1,4,69.1
2026-07-28,2026-07-29 06:30:00,After,56.5,11.2,36.36,53.5,3,7.35,27.7,20.1,52.2,3,73.2
2026-07-29,2026-07-29 22:30:00,After,62.4,16.3,36.32,31.9,0,7.32,33.9,24.4,41.7,3,65.4
2026-07-29,2026-07-29 22:50:00,After,56.4,16.1,36.36,67.4,2,7.39,20.2,28.2,51.7,3,72.8
2026-07-29,2026-07-29 23:10:00,After,55.2,14.0,36.71,34.4,2,7.08,24.1,19.6,56.3,2,75.6
2026-07-29,2026-07-29 23:30:00,After,59.5,14.5,36.18,29.2,0,7.33,19.0,26.4,54.6,2,84.3
2026-07-29,2026-07-29 23:50:00,After,65.8,10.0,36.25,52.5,0,6.14,24.2,29.0,46.8,2,85.4
2026-07-29,2026-07-30 00:10:00,After,62.6,16.8,36.58,46.8,3,7.83,23.6,27.4,49.0,3,71.5
2026-07-29,2026-07-30 00:30:00,After,56.6,13.1,36.53,36.3,1,7.65,24.4,23.9,51.7,3,78.6
2026-07-29,2026-07-30 00:50:00,After,62.6,13.7,36.68,42.0,2,6.47,22.2,28.0,49.8,3,67.1
2026-07-29,2026-07-30 01:10:00,After,63.2,14.1,36.45,54.3,4,7.33,21.1,22.0,56.9,4,71.5
2026-07-29,2026-07-30 01:30:00,After,63.9,16.4,37.13,39.3,2,6.9,24.0,26.9,49.1,1,70.1
2026-07-29,2026-07-30 01:50:00,After,64.5,15.5,37.05,52.6,0,6.37,21.6,24.8,53.6,1,70.1
2026-07-29,2026-07-30 02:10:00,After,65.8,15.2,36.21,47.4,3,7.25,17.9,18.2,63.9,4,71.4
2026-07-29,2026-07-30 02:30:00,After,61.4,12.7,36.71,30.4,5,8.19,26.2,20.5,53.3,4,66.1
2026-07-29,2026-07-30 02:50:00,After,58.2,14.2,36.64,51.3,1,7.37,21.8,25.9,52.3,3,74.6
2026-07-29,2026-07-30 03:10:00,After,64.2,14.8,36.01,54.4,3,6.48,30.9,29.4,39.7,1,77.6
2026-07-29,2026-07-30 03:30:00,After,59.4,13.3,36.35,48.0,1,7.15,21.3,17.5,61.2,2,85.4
2026-07-29,2026-07-30 03:50:00,After,61.6,11.5,36.7,35.7,0,7.07,22.7,22.9,54.4,3,66.3
2026-07-29,2026-07-30 04:10:00,After,67.9,13.9,36.17,45.7,3,6.62,15.9,24.4,59.8,2,66.7
2026-07-29,2026-07-30 04:30:00,After,59.1,15.4,36.75,44.2,2,6.42,21.4,18.8,59.8,5,68.6
2026-07-29,2026-07-30 04:50:00,After,65.1,11.9,36.82,49.8,1,6.69,20.4,21.7,57.9,2,76.5
2026-07-29,2026-07-30 05:10:00,After,53.9,16.4,36.75,45.9,2,7.86,17.4,29.0,53.7,4,77.2
2026-07-29,2026-07-30 05:30:00,After,59.6,15.2,36.32,55.4,0,6.56,27.7,20.8,51.5,4,63.4
2026-07-29,2026-07-30 05:50:00,After,67.2,17.0,36.43,24.3,3,6.73,19.8,25.3,54.9,4,74.6
2026-07-29,2026-07-30 06:10:00,After,63.0,15.9,36.74,54.3,2,6.72,20.3,20.0,59.8,1,65.7
2026-07-29,2026-07-30 06:30:00,After,61.9,14.6,36.75,40.0,0,6.88,20.2,26.8,52.9,2,84.4
2026-07-30,2026-07-30 22:30:00,After,67.0,13.6,36.58,48.7,3,7.38,21.2,14.6,64.2,3,68.3
2026-07-30,2026-07-30 22:50:00,After,61.4,14.3,36.11,45.3,0,6.4,19.4,24.6,56.0,3,75.1
2026-07-30,2026-07-30 23:10:00,After,63.6,13.8,37.04,43.2,2,7.52,22.9,26.3,50.8,3,69.4
2026-07-30,2026-07-30 23:30:00,After,68.1,12.1,36.33,52.0,2,7.18,26.3,22.6,51.2,3,72.5
2026-07-30,2026-07-30 23:50:00,After,59.5,10.9,36.61,45.6,1,6.72,21.1,24.7,54.3,5,52.1
2026-07-30,2026-07-31 00:10:00,After,60.6,14.0,36.86,29.3,2,7.38,20.0,26.8,53.2,1,73.6
2026-07-30,2026-07-31 00:30:00,After,61.9,14.5,36.01,56.2,2,7.19,13.2,20.7,66.1,2,78.0
2026-07-30,2026-07-31 00:50:00,After,63.8,14.0,36.5,35.2,2,6.24,25.2,24.6,50.2,2,81.1
2026-07-30,2026-07-31 01:10:00,After,56.8,12.5,36.36,40.8,2,7.66,27.3,26.4,46.3,1,69.6
2026-07-30,2026-07-31 01:30:00,After,67.5,12.6,36.63,38.5,1,7.73,19.3,26.4,54.3,3,76.9
2026-07-30,2026-07-31 01:50:00,After,56.1,11.0,36.44,46.2,1,6.49,24.0,22.6,53.4,4,59.2
2026-07-30,2026-07-31 02:10:00,After,61.8,16.8,36.52,45.1,3,6.85,25.0,20.1,54.9,2,75.0
2026-07-30,2026-07-31 02:30:00,After,65.8,16.0,36.89,43.4,4,7.54,26.5,30.4,43.1,3,66.9
2026-07-30,2026-07-31 02:50:00,After,61.9,14.1,36.54,48.2,3,7.1,22.3,24.7,53.0,2,75.1
2026-07-30,2026-07-31 03:10:00,After,64.9,14.1,36.67,44.6,0,7.07,21.9,25.7,52.4,6,57.6
2026-07-30,2026-07-31 03:30:00,After,62.6,12.5,36.9,38.7,3,7.78,24.3,23.6,52.1,3,85.3
2026-07-30,2026-07-31 03:50:00,After,59.9,14.1,36.39,33.5,0,6.85,23.3,20.4,56.3,4,57.5
2026-07-30,2026-07-31 04:10:00,After,66.4,15.5,36.53,25.1,1,6.9,24.5,22.8,52.7,3,54.0
2026-07-30,2026-07-31 04:30:00,After,65.9,13.3,36.4,34.4,3,6.31,15.9,29.3,54.8,3,69.0
2026-07-30,2026-07-31 04:50:00,After,61.7,11.2,36.79,34.5,3,7.15,23.6,27.0,49.3,2,74.9
2026-07-30,2026-07-31 05:10:00,After,62.2,11.5,36.57,55.3,1,7.62,28.5,17.7,53.8,5,72.9
2026-07-30,2026-07-31 05:30:00,After,68.6,13.7,36.37,33.1,1,7.35,23.8,19.6,56.6,0,80.7
2026-07-30,2026-07-31 05:50:00,After,64.9,12.8,36.2,49.9,0,7.84,24.2,22.1,53.7,4,69.2
2026-07-30,2026-07-31 06:10:00,After,55.6,13.7,36.52,41.5,1,6.77,25.1,26.8,48.1,4,63.1
2026-07-30,2026-07-31 06:30:00,After,59.0,15.0,36.66,47.6,0,6.09,21.8,18.6,59.7,3,67.6
